{
  "experiment_config": {
    "dataset_type": "unified",
    "dataset_path": "data/processed/secap/manifest.json",
    "caption_type": "audio_only",
    "language": "chinese",
    "prompt_type": "default",
    "max_samples": 2,
    "total_samples": 2
  },
  "metrics": {
    "avg_bleu": 0.042339671921208175,
    "avg_cider": 0.32079253714536826,
    "avg_bertscore_precision": 0.8694924414157867,
    "avg_bertscore_recall": 0.9078733623027802,
    "avg_bertscore_f1": 0.8876767456531525,
    "latency_metrics": {
      "ttft_mean": 0.39549970626831055,
      "ttft_min": 0.10685062408447266,
      "ttft_max": 0.6841487884521484,
      "itps_mean": 19279.61444028497,
      "itps_min": 13723.99525950991,
      "itps_max": 24835.233621060033,
      "otps_mean": 1.8257604125224647,
      "otps_min": 0.9690429265826938,
      "otps_max": 2.6824778984622357,
      "oet_mean": 0.8045912981033325,
      "oet_min": 0.5308108329772949,
      "oet_max": 1.0783717632293701,
      "total_time_mean": 0.849763035774231,
      "total_time_min": 0.5613603591918945,
      "total_time_max": 1.1381657123565674,
      "cpu_percent_mean": 0.9400000000000001,
      "cpu_percent_min": 0.9400000000000001,
      "cpu_percent_max": 0.9400000000000001,
      "ram_gb_mean": 2.517162322998047,
      "ram_gb_min": 2.3204917907714844,
      "ram_gb_max": 2.7138328552246094,
      "gpu_util_mean": 72.0,
      "gpu_util_min": 67.0,
      "gpu_util_max": 77.0,
      "gpu_memory_gb_mean": 23.043212890625,
      "gpu_memory_gb_min": 22.774658203125,
      "gpu_memory_gb_max": 23.311767578125,
      "avg_input_tokens": 789.0,
      "avg_output_tokens": 15.0,
      "total_input_tokens": 1578,
      "total_output_tokens": 30
    }
  },
  "detailed_results": [
    {
      "file_id": "tx_emotion_00201000015",
      "dataset": "secap",
      "reference_caption": "悲伤逆流成河",
      "generated_text": "悲伤，声音低沉，语速缓慢，语调平稳。",
      "bleu_score": 0.02284411468856457,
      "cider_score": 0.16012815380508716,
      "bertscore_precision": 0.8394085764884949,
      "bertscore_recall": 0.9233365058898926,
      "bertscore_f1": 0.8793745636940002,
      "caption_type": "audio_only",
      "language": "chinese",
      "prompt_type": "default",
      "latency_metrics": {
        "ttft": 0.6841487884521484,
        "itps": 13723.99525950991,
        "otps": 0.9690429265826938,
        "oet": 1.0783717632293701,
        "total_time": 1.1381657123565674,
        "input_tokens": 820,
        "output_tokens": 14,
        "cpu_percent": 0.9400000000000001,
        "ram_gb": 2.3204917907714844,
        "gpu_util": 67,
        "gpu_memory_gb": 22.774658203125,
        "streaming_metrics": {
          "ttft": 0.6841487884521484,
          "itps": 0,
          "otps": 35.641734152183226,
          "oet": 1.07694673538208,
          "total_time": 1.07694673538208,
          "input_tokens": 820,
          "output_tokens": 14,
          "step_times": [
            0.6841487884521484,
            0.733659029006958,
            0.7612674236297607,
            0.7877955436706543,
            0.8144433498382568,
            0.8407726287841797,
            0.8669548034667969,
            0.893242597579956,
            0.9198904037475586,
            0.9460391998291016,
            0.9723501205444336,
            0.9983718395233154,
            1.024512529373169,
            1.0504698753356934,
            1.076568365097046,
            1.0767579078674316
          ],
          "first_token_time": 0.6841487884521484,
          "text_chunks": [
            "悲伤",
            "",
            "，声音",
            "低",
            "沉",
            "",
            "，语",
            "速",
            "缓慢",
            "",
            "，语",
            "调",
            "平稳",
            "",
            "",
            "。"
          ]
        }
      }
    },
    {
      "file_id": "tx_emotion_00201000107",
      "dataset": "secap",
      "reference_caption": "伤心难过，声音颤抖，情绪激动失望",
      "generated_text": "情绪：悲伤，声音低沉，语速缓慢，语调平稳。",
      "bleu_score": 0.06183522915385178,
      "cider_score": 0.4814569204856494,
      "bertscore_precision": 0.8995763063430786,
      "bertscore_recall": 0.8924102187156677,
      "bertscore_f1": 0.8959789276123047,
      "caption_type": "audio_only",
      "language": "chinese",
      "prompt_type": "default",
      "latency_metrics": {
        "ttft": 0.10685062408447266,
        "itps": 24835.233621060033,
        "otps": 2.6824778984622357,
        "oet": 0.5308108329772949,
        "total_time": 0.5613603591918945,
        "input_tokens": 758,
        "output_tokens": 16,
        "cpu_percent": 0.9400000000000001,
        "ram_gb": 2.7138328552246094,
        "gpu_util": 77,
        "gpu_memory_gb": 23.311767578125,
        "streaming_metrics": {
          "ttft": 0.10685062408447266,
          "itps": 0,
          "otps": 37.774973079739695,
          "oet": 0.5304114818572998,
          "total_time": 0.5304114818572998,
          "input_tokens": 758,
          "output_tokens": 16,
          "step_times": [
            0.10685062408447266,
            0.13394880294799805,
            0.1607372760772705,
            0.18732237815856934,
            0.21543550491333008,
            0.24199700355529785,
            0.26819610595703125,
            0.29424095153808594,
            0.32051968574523926,
            0.34648585319519043,
            0.3726017475128174,
            0.39864540100097656,
            0.42503809928894043,
            0.4513719081878662,
            0.47750186920166016,
            0.5035178661346436,
            0.5300147533416748,
            0.5302085876464844
          ],
          "first_token_time": 0.10685062408447266,
          "text_chunks": [
            "情绪",
            "",
            "：悲伤",
            "",
            "，声音",
            "低",
            "沉",
            "",
            "，语",
            "速",
            "缓慢",
            "",
            "，语",
            "调",
            "平稳",
            "",
            "",
            "。"
          ]
        }
      }
    }
  ]
}