{
  "experiment_config": {
    "dataset_type": "unified",
    "dataset_path": "data/processed/secap/manifest.json",
    "caption_type": "audio_only",
    "language": "chinese",
    "prompt_type": "default",
    "max_samples": 5,
    "total_samples": 5
  },
  "metrics": {
    "avg_bleu": 0.02424374909408317,
    "avg_cider": 0.17947618611066957,
    "avg_bertscore_precision": 0.15507422164082527,
    "avg_bertscore_recall": 0.16963045299053192,
    "avg_bertscore_f1": 0.16294617652893068,
    "latency_metrics": {
      "ttft_mean": 0.19933876991271973,
      "ttft_min": 0.10140466690063477,
      "ttft_max": 0.5556623935699463,
      "itps_mean": 25054.36322520748,
      "itps_min": 15307.951361071053,
      "itps_max": 28574.80136085588,
      "otps_mean": 2.450451200836395,
      "otps_min": 1.1261039395030144,
      "otps_max": 2.963461014197407,
      "oet_mean": 0.5853804588317871,
      "oet_min": 0.45690011978149414,
      "oet_max": 0.921776294708252,
      "total_time_mean": 0.6190640449523925,
      "total_time_min": 0.4844644069671631,
      "total_time_max": 0.9753923416137695,
      "cpu_percent_mean": 0.3340000000000001,
      "cpu_percent_min": 0.31000000000000005,
      "cpu_percent_max": 0.36000000000000004,
      "ram_gb_mean": 4.570842742919922,
      "ram_gb_min": 4.517242431640625,
      "ram_gb_max": 4.601337432861328,
      "gpu_util_mean": 70.4,
      "gpu_util_min": 54.0,
      "gpu_util_max": 80.0,
      "gpu_memory_gb_mean": 22.928955078125,
      "gpu_memory_gb_min": 22.774658203125,
      "gpu_memory_gb_max": 23.028564453125,
      "avg_input_tokens": 794.2,
      "avg_output_tokens": 14.2,
      "total_input_tokens": 3971,
      "total_output_tokens": 71
    }
  },
  "detailed_results": [
    {
      "file_id": "tx_emotion_00201000015",
      "dataset": "secap",
      "reference_caption": "悲伤逆流成河",
      "generated_text": "情绪低落，声音沉闷，语速缓慢。",
      "bleu_score": 0,
      "cider_score": 0.0,
      "bertscore_precision": 0.03608955815434456,
      "bertscore_recall": 0.09222118556499481,
      "bertscore_f1": 0.06451746076345444,
      "caption_type": "audio_only",
      "language": "chinese",
      "prompt_type": "default",
      "latency_metrics": {
        "ttft": 0.5556623935699463,
        "itps": 15307.951361071053,
        "otps": 1.1261039395030144,
        "oet": 0.921776294708252,
        "total_time": 0.9753923416137695,
        "input_tokens": 820,
        "output_tokens": 12,
        "cpu_percent": 0.33,
        "ram_gb": 4.517242431640625,
        "gpu_util": 54,
        "gpu_memory_gb": 22.774658203125,
        "streaming_metrics": {
          "ttft": 0.5556623935699463,
          "itps": 0,
          "otps": 32.905470314458256,
          "oet": 0.9203433990478516,
          "total_time": 0.9203433990478516,
          "input_tokens": 820,
          "output_tokens": 12,
          "step_times": [
            0.5556623935699463,
            0.6058299541473389,
            0.6369566917419434,
            0.6651144027709961,
            0.6930265426635742,
            0.7227563858032227,
            0.7517096996307373,
            0.7804725170135498,
            0.8090715408325195,
            0.8372581005096436,
            0.8654294013977051,
            0.8928260803222656,
            0.9199516773223877,
            0.9201445579528809
          ],
          "first_token_time": 0.5556623935699463,
          "text_chunks": [
            "情绪",
            "低",
            "落",
            "",
            "，声音",
            "沉",
            "闷",
            "",
            "，语",
            "速",
            "缓慢",
            "",
            "",
            "。"
          ]
        }
      }
    },
    {
      "file_id": "tx_emotion_00201000107",
      "dataset": "secap",
      "reference_caption": "伤心难过，声音颤抖，情绪激动失望",
      "generated_text": "悲伤，声音低沉，语调缓慢，情绪压抑。",
      "bleu_score": 0.09344667213582157,
      "cider_score": 0.5292377467571571,
      "bertscore_precision": 0.532754123210907,
      "bertscore_recall": 0.49729472398757935,
      "bertscore_f1": 0.5153467655181885,
      "caption_type": "audio_only",
      "language": "chinese",
      "prompt_type": "default",
      "latency_metrics": {
        "ttft": 0.10645174980163574,
        "itps": 27530.306902314627,
        "otps": 2.963461014197407,
        "oet": 0.45690011978149414,
        "total_time": 0.4844644069671631,
        "input_tokens": 758,
        "output_tokens": 13,
        "cpu_percent": 0.31000000000000005,
        "ram_gb": 4.537776947021484,
        "gpu_util": 72,
        "gpu_memory_gb": 22.784423828125,
        "streaming_metrics": {
          "ttft": 0.10645174980163574,
          "itps": 0,
          "otps": 37.12890604252607,
          "oet": 0.45658326148986816,
          "total_time": 0.45658326148986816,
          "input_tokens": 758,
          "output_tokens": 13,
          "step_times": [
            0.10645174980163574,
            0.1335148811340332,
            0.16037797927856445,
            0.1868729591369629,
            0.21379899978637695,
            0.2405235767364502,
            0.2672445774078369,
            0.2938046455383301,
            0.32053089141845703,
            0.34702420234680176,
            0.37386155128479004,
            0.4004859924316406,
            0.4297001361846924,
            0.4561898708343506,
            0.45638060569763184
          ],
          "first_token_time": 0.10645174980163574,
          "text_chunks": [
            "悲伤",
            "",
            "，声音",
            "低",
            "沉",
            "",
            "，语",
            "调",
            "缓慢",
            "",
            "，情绪",
            "压抑",
            "",
            "",
            "。"
          ]
        }
      }
    },
    {
      "file_id": "tx_emotion_00201000148",
      "dataset": "secap",
      "reference_caption": "伤心难过，又无能为力",
      "generated_text": "声音低沉，语速缓慢，情绪显得有些压抑和沉重。",
      "bleu_score": 0.008687475782716616,
      "cider_score": 0.12403473458920847,
      "bertscore_precision": 0.0467866025865078,
      "bertscore_recall": 0.05016082525253296,
      "bertscore_f1": 0.04946316033601761,
      "caption_type": "audio_only",
      "language": "chinese",
      "prompt_type": "default",
      "latency_metrics": {
        "ttft": 0.11697912216186523,
        "itps": 26895.426122913734,
        "otps": 2.7012272755492632,
        "oet": 0.5125880241394043,
        "total_time": 0.5444438457489014,
        "input_tokens": 856,
        "output_tokens": 15,
        "cpu_percent": 0.36000000000000004,
        "ram_gb": 4.598796844482422,
        "gpu_util": 74,
        "gpu_memory_gb": 23.028564453125,
        "streaming_metrics": {
          "ttft": 0.11697912216186523,
          "itps": 0,
          "otps": 37.94504850293478,
          "oet": 0.5122876167297363,
          "total_time": 0.5122876167297363,
          "input_tokens": 856,
          "output_tokens": 15,
          "step_times": [
            0.11697912216186523,
            0.14373135566711426,
            0.17036962509155273,
            0.1968390941619873,
            0.2233591079711914,
            0.24974656105041504,
            0.2760589122772217,
            0.30227041244506836,
            0.3284873962402344,
            0.35462522506713867,
            0.3809535503387451,
            0.40714192390441895,
            0.43329524993896484,
            0.45932817459106445,
            0.48586034774780273,
            0.5118966102600098,
            0.5120887756347656
          ],
          "first_token_time": 0.11697912216186523,
          "text_chunks": [
            "声音",
            "低",
            "沉",
            "",
            "，语",
            "速",
            "缓慢",
            "",
            "，情绪",
            "显得",
            "有些",
            "压抑",
            "和",
            "沉重",
            "",
            "",
            "。"
          ]
        }
      }
    },
    {
      "file_id": "tx_emotion_00201000209",