{
  "experiment_config": {
    "dataset_type": "unified",
    "dataset_path": "data/processed/secap/manifest.json",
    "caption_type": "audio_only",
    "language": "chinese",
    "prompt_type": "default",
    "max_samples": 2,
    "total_samples": 2
  },
  "metrics": {
    "avg_bleu": 0.003717180081583104,
    "avg_cider": 0.08986064433619868,
    "latency_metrics": {
      "ttft_mean": 0.30484795570373535,
      "ttft_min": 0.06678175926208496,
      "ttft_max": 0.5429141521453857,
      "itps_mean": 10370.45484078438,
      "itps_min": 7831.695912199487,
      "itps_max": 12909.213769369273,
      "otps_mean": 1.8460188631583057,
      "otps_min": 1.1513865765341968,
      "otps_max": 2.5406511497824145,
      "oet_mean": 0.7805284261703491,
      "oet_min": 0.6267900466918945,
      "oet_max": 0.9342668056488037,
      "total_time_mean": 0.8201248645782471,
      "total_time_min": 0.6537034511566162,
      "total_time_max": 0.9865462779998779,
      "cpu_percent_mean": 0.365,
      "cpu_percent_min": 0.34,
      "cpu_percent_max": 0.39,
      "ram_gb_mean": 6.383369445800781,
      "ram_gb_min": 6.3827972412109375,
      "ram_gb_max": 6.383941650390625,
      "gpu_util_mean": 64.5,
      "gpu_util_min": 64.0,
      "gpu_util_max": 65.0,
      "gpu_memory_gb_mean": 22.448486328125,
      "gpu_memory_gb_min": 22.448486328125,
      "gpu_memory_gb_max": 22.448486328125,
      "avg_input_tokens": 378.0,
      "avg_output_tokens": 17.5,
      "total_input_tokens": 756,
      "total_output_tokens": 35
    }
  },
  "detailed_results": [
    {
      "file_id": "tx_emotion_00201000015",
      "dataset": "secap",
      "reference_caption": "悲伤逆流成河",
      "generated_text": "情感词：平静，声学线索：语速放慢。",
      "bleu_score": 0,
      "cider_score": 0.0,
      "caption_type": "audio_only",
      "language": "chinese",
      "prompt_type": "default",
      "latency_metrics": {
        "ttft": 0.5429141521453857,
        "itps": 7831.695912199487,
        "otps": 1.1513865765341968,
        "oet": 0.9342668056488037,
        "total_time": 0.9865462779998779,
        "input_tokens": 409,
        "output_tokens": 14,
        "cpu_percent": 0.34,
        "ram_gb": 6.3827972412109375,
        "gpu_util": 65,
        "gpu_memory_gb": 22.448486328125,
        "streaming_metrics": {
          "ttft": 0.5429141521453857,
          "itps": 0,
          "otps": 35.915386360897905,
          "oet": 0.9327192306518555,
          "total_time": 0.9327192306518555,
          "input_tokens": 409,
          "output_tokens": 14,
          "step_times": [
            0.5429141521453857,
            0.5928568840026855,
            0.6198821067810059,
            0.6460435390472412,
            0.6719846725463867,
            0.6980767250061035,
            0.7241060733795166,
            0.7503149509429932,
            0.7762801647186279,
            0.802485466003418,
            0.8284280300140381,
            0.8544261455535889,
            0.8802938461303711,
            0.9063308238983154,
            0.9323160648345947,
            0.9325127601623535
          ],
          "first_token_time": 0.5429141521453857,
          "text_chunks": [
            "情感",
            "词",
            "",
            "：平静",
            "",
            "，声",
            "学",
            "线索",
            "",
            "：语",
            "速",
            "放",
            "慢",
            "",
            "",
            "。"
          ]
        }
      }
    },
    {
      "file_id": "tx_emotion_00201000107",
      "dataset": "secap",
      "reference_caption": "伤心难过，声音颤抖，情绪激动失望",
      "generated_text": "悲伤，语调放慢。你要是还有类似的想法或者想聊聊别的，随时告诉我呀。",
      "bleu_score": 0.007434360163166208,
      "cider_score": 0.17972128867239737,
      "caption_type": "audio_only",
      "language": "chinese",
      "prompt_type": "default",
      "latency_metrics": {
        "ttft": 0.06678175926208496,
        "itps": 12909.213769369273,
        "otps": 2.5406511497824145,
        "oet": 0.6267900466918945,
        "total_time": 0.6537034511566162,
        "input_tokens": 347,
        "output_tokens": 21,
        "cpu_percent": 0.39,
        "ram_gb": 6.383941650390625,
        "gpu_util": 64,
        "gpu_memory_gb": 22.448486328125,
        "streaming_metrics": {
          "ttft": 0.06678175926208496,
          "itps": 0,
          "otps": 37.50953767822595,
          "oet": 0.6266393661499023,
          "total_time": 0.6266393661499023,
          "input_tokens": 347,
          "output_tokens": 21,
          "step_times": [
            0.06678175926208496,
            0.09385275840759277,
            0.12049984931945801,
            0.14727354049682617,
            0.17413020133972168,
            0.20108366012573242,
            0.22766494750976562,
            0.2544848918914795,
            0.2810533046722412,
            0.3080153465270996,
            0.33429694175720215,
            0.36098170280456543,
            0.38767099380493164,
            0.41431498527526855,
            0.44073963165283203,
            0.46730995178222656,
            0.49350857734680176,
            0.5201811790466309,
            0.5465919971466064,
            0.5730535984039307,
            0.5994925498962402,
            0.6261727809906006,
            0.6264424324035645
          ],
          "first_token_time": 0.06678175926208496,
          "text_chunks": [
            "悲伤",
            "",
            "，语",
            "调",
            "放",
            "慢",
            "",
            "。你",
            "要是",
            "还有",
            "类似",
            "的想法",
            "或者",
            "想",
            "聊聊",
            "别的",
            "",
            "，随时",
            "告诉我",
            "呀",
            "",
            "",
            "。"
          ]
        }
      }
    }
  ]
}