{
  "experiment_config": {
    "dataset_type": "unified",
    "dataset_path": "data/processed/secap/manifest.json",
    "caption_type": "audio_only",
    "language": "chinese",
    "prompt_type": "default",
    "max_samples": 2,
    "total_samples": 2
  },
  "metrics": {
    "avg_bleu": 0.04076647249797956,
    "avg_cider": 0.3507359460702751,
    "avg_bertscore_precision": 0.06455600878689438,
    "avg_bertscore_recall": NaN,
    "avg_bertscore_f1": -1.2102272510528564,
    "latency_metrics": {
      "ttft_mean": 0.33283424377441406,
      "ttft_min": 0.10726785659790039,
      "ttft_max": 0.5584006309509277,
      "itps_mean": 15010.7015964831,
      "itps_min": 13009.430953353607,
      "itps_max": 17011.972239612594,
      "otps_mean": 1.7559857074299217,
      "otps_min": 1.1533409982512504,
      "otps_max": 2.358630416608593,
      "oet_mean": 0.74324631690979,
      "oet_min": 0.6390316486358643,
      "oet_max": 0.8474609851837158,
      "total_time_mean": 0.7970792055130005,
      "total_time_min": 0.6836183071136475,
      "total_time_max": 0.9105401039123535,
      "cpu_percent_mean": 0.375,
      "cpu_percent_min": 0.33,
      "cpu_percent_max": 0.42000000000000004,
      "ram_gb_mean": 2.3370323181152344,
      "ram_gb_min": 2.1805076599121094,
      "ram_gb_max": 2.4935569763183594,
      "gpu_util_mean": 61.0,
      "gpu_util_min": 56.0,
      "gpu_util_max": 66.0,
      "gpu_memory_gb_mean": 22.779541015625,
      "gpu_memory_gb_min": 22.774658203125,
      "gpu_memory_gb_max": 22.784423828125,
      "avg_input_tokens": 789.0,
      "avg_output_tokens": 15.0,
      "total_input_tokens": 1578,
      "total_output_tokens": 30
    }
  },
  "detailed_results": [
    {
      "file_id": "tx_emotion_00201000015",
      "dataset": "secap",
      "reference_caption": "悲伤逆流成河",
      "generated_text": "悲伤，声音低沉，语速缓慢。",
      "bleu_score": 0.03285702044797773,
      "cider_score": 0.21081851067789195,
      "bertscore_precision": -0.0031894620042294264,
      "bertscore_recall": NaN,
      "bertscore_f1": -1.2102272510528564,
      "caption_type": "audio_only",
      "language": "chinese",
      "prompt_type": "default",
      "latency_metrics": {
        "ttft": 0.5584006309509277,
        "itps": 13009.430953353607,
        "otps": 1.1533409982512504,
        "oet": 0.8474609851837158,
        "total_time": 0.9105401039123535,
        "input_tokens": 820,
        "output_tokens": 10,
        "cpu_percent": 0.33,
        "ram_gb": 2.1805076599121094,
        "gpu_util": 56,
        "gpu_memory_gb": 22.774658203125,
        "streaming_metrics": {
          "ttft": 0.5584006309509277,
          "itps": 0,
          "otps": 34.93567686924392,
          "oet": 0.8446409702301025,
          "total_time": 0.8446409702301025,
          "input_tokens": 820,
          "output_tokens": 10,
          "step_times": [
            0.5584006309509277,
            0.6078188419342041,
            0.6355376243591309,
            0.6617186069488525,
            0.687910795211792,
            0.7139995098114014,
            0.7400708198547363,
            0.7660374641418457,
            0.7920761108398438,
            0.818169355392456,
            0.8442659378051758,
            0.8444569110870361
          ],
          "first_token_time": 0.5584006309509277,
          "text_chunks": [
            "悲伤",
            "",
            "，声音",
            "低",
            "沉",
            "",
            "，语",
            "速",
            "缓慢",
            "",
            "",
            "。"
          ]
        }
      }
    },
    {
      "file_id": "tx_emotion_00201000107",
      "dataset": "secap",
      "reference_caption": "伤心难过，声音颤抖，情绪激动失望",
      "generated_text": "声音低沉，语速缓慢，情绪压抑，似乎在低声诉说着无奈与失望。",
      "bleu_score": 0.04867592454798139,
      "cider_score": 0.4906533814626582,
      "bertscore_precision": 0.1323014795780182,
      "bertscore_recall": NaN,
      "bertscore_f1": -1.2102272510528564,
      "caption_type": "audio_only",
      "language": "chinese",
      "prompt_type": "default",
      "latency_metrics": {
        "ttft": 0.10726785659790039,
        "itps": 17011.972239612594,
        "otps": 2.358630416608593,
        "oet": 0.6390316486358643,
        "total_time": 0.6836183071136475,
        "input_tokens": 758,
        "output_tokens": 20,
        "cpu_percent": 0.42000000000000004,
        "ram_gb": 2.4935569763183594,
        "gpu_util": 66,
        "gpu_memory_gb": 22.784423828125,
        "streaming_metrics": {
          "ttft": 0.10726785659790039,
          "itps": 0,
          "otps": 37.63368230645271,
          "oet": 0.6387066841125488,
          "total_time": 0.6387066841125488,
          "input_tokens": 758,
          "output_tokens": 20,
          "step_times": [
            0.10726785659790039,
            0.13423871994018555,
            0.16074299812316895,
            0.18706393241882324,
            0.21355891227722168,
            0.23982906341552734,
            0.2662770748138428,
            0.29259681701660156,
            0.31916069984436035,
            0.3469076156616211,
            0.37438082695007324,
            0.40134215354919434,
            0.4277365207672119,
            0.45416808128356934,
            0.4805178642272949,
            0.5068063735961914,
            0.5331385135650635,
            0.5593929290771484,
            0.5856845378875732,
            0.6119000911712646,
            0.6382944583892822,
            0.638491153717041
          ],
          "first_token_time": 0.10726785659790039,
          "text_chunks": [
            "声音",
            "低",
            "沉",
            "",
            "，语",
            "速",
            "缓慢",
            "",
            "，情绪",
            "压抑",
            "",
            "，似乎",
            "在",
            "低声",
            "诉",
            "说着",
            "无奈",
            "与",
            "失望",
            "",
            "",
            "。"
          ]
        }
      }
    }
  ]
}