{
  "experiment_config": {
    "dataset_type": "unified",
    "dataset_path": "data/processed/mer2024/manifest_audio_text_augmented_v5.json",
    "caption_type": "audio_only",
    "language": "english",
    "prompt_type": "nosubtitle",
    "max_samples": 3,
    "total_samples": 3,
    "model": "Qwen-Audio"
  },
  "metrics": {
    "corpus_bleu_en": 5.798004168017708e-06,
    "avg_bleu_1_sentence": 0.0011114609370520918,
    "avg_bleu_4_sentence": 0.00014672370035720867,
    "avg_meteor_sentence": 0.04407281995944542,
    "avg_rouge_l_sentence": 0.08763263423116506,
    "avg_cider": 0.5441475280152388,
    "avg_bertscore_precision": 0.8840059439341227,
    "avg_bertscore_recall": 0.8315641085306803,
    "avg_bertscore_f1": 0.856895903746287,
    "latency_metrics": {
      "ttft_mean": 0.43864357471466064,
      "ttft_min": 0.2825876474380493,
      "ttft_max": 0.7458548545837402,
      "itps_mean": 1111.596962660645,
      "itps_min": 534.9566307008632,
      "itps_max": 1411.9513135742118,
      "otps_mean": 44.57531679842185,
      "otps_min": 21.45189496544815,
      "otps_max": 56.61960154683556,
      "oet_mean": 0.43864357471466064,
      "oet_min": 0.2825876474380493,
      "oet_max": 0.7458548545837402,
      "total_time_mean": 0.8772871494293213,
      "total_time_min": 0.5651752948760986,
      "total_time_max": 1.4917097091674805,
      "cpu_percent_mean": 0.0,
      "cpu_percent_min": 0.0,
      "cpu_percent_max": 0.0,
      "ram_gb_mean": 1.657727559407552,
      "ram_gb_min": 1.1732444763183594,
      "ram_gb_max": 1.911865234375,
      "gpu_util_mean": 22.666666666666668,
      "gpu_util_min": 0.0,
      "gpu_util_max": 44.0,
      "gpu_memory_gb_mean": 17.733317057291668,
      "gpu_memory_gb_min": 17.097900390625,
      "gpu_memory_gb_max": 18.052001953125,
      "avg_input_tokens": 399.0,
      "avg_output_tokens": 16.0,
      "total_input_tokens": 1197,
      "total_output_tokens": 48
    }
  },
  "detailed_results": [
    {
      "file_id": "sample_00000000",
      "dataset": "mer2024",
      "reference_caption": "In the audio, the character's tone is initially raised, expressing dissatisfaction and impatience. This may indicate that he is discussing a serious issue and already feeling a bit frustrated. This change suggests that the speaker has lightened the tense topic through jokes and banter. In the audio, the character's tone is initially raised, expressing dissatisfaction and impatience. Later, while laughing, the character speaks, conveying happiness with a hint of teasing. I, I, I don't have any experience in this area.\" This sentence could be the male doctor's response or explanation to a certain question. Audio, from dissatisfaction and impatience to happiness with a hint of teasing, we can infer that this sentence may have a humorous or self-deprecating tone. The male doctor lightens the tense topic through jokes and banter, displaying a relaxed and happy mood.",
      "generated_text": "Based on the voice, it sounds like this person is fearful in the audio.",
      "bleu_1_score": 5.4454384927533225e-05,
      "bleu_4_score": 8.472707054941791e-06,
      "meteor_score": 0.0305291723202171,
      "rouge_l_score": 0.07741935483870968,
      "cider_score": 0.504608392349582,
      "caption_type": "audio_only",
      "language": "english",
      "prompt_type": "nosubtitle",
      "latency_metrics": {
        "ttft": 0.7458548545837402,
        "itps": 534.9566307008632,
        "otps": 21.45189496544815,
        "oet": 0.7458548545837402,
        "total_time": 1.4917097091674805,
        "input_tokens": 399,
        "output_tokens": 16,
        "cpu_percent": 0.0,
        "ram_gb": 1.1732444763183594,
        "gpu_util": 0.0,
        "gpu_memory_gb": 17.097900390625
      },
      "bertscore_precision": 0.8768075704574585,
      "bertscore_recall": 0.8233001232147217,
      "bertscore_f1": 0.8492118120193481
    },
    {
      "file_id": "sample_00000007",
      "dataset": "mer2024",
      "reference_caption": "In the audio, the character's voice is loud, with a calm tone and a hint of laughter, indicating that the character is in a pleasant mood. In the audio, the character's voice is loud, with a calm tone and a hint of laughter, indicating that the character is in a pleasant mood. Audio, we can infer that this sentence is a positive response from the lady to the other person, indicating her willingness to meet. Therefore, this sentence expresses the lady's happiness and anticipation.",
      "generated_text": "Based on the voice, it sounds like this person is happy in the audio.",
      "bleu_1_score": 0.0032796989994883655,
      "bleu_4_score": 0.0004316590111409107,
      "meteor_score": 0.06550218340611352,
      "rouge_l_score": 0.11881188118811882,
      "cider_score": 0.5656854249492381,
      "caption_type": "audio_only",
      "language": "english",
      "prompt_type": "nosubtitle",
      "latency_metrics": {
        "ttft": 0.2874882221221924,
        "itps": 1387.88294370686,
        "otps": 55.654453882981855,
        "oet": 0.2874882221221924,
        "total_time": 0.5749764442443848,
        "input_tokens": 399,
        "output_tokens": 16,
        "cpu_percent": 0.0,
        "ram_gb": 1.8880729675292969,
        "gpu_util": 24.0,
        "gpu_memory_gb": 18.050048828125
      },
      "bertscore_precision": 0.8954942226409912,
      "bertscore_recall": 0.8637350797653198,
      "bertscore_f1": 0.8793279528617859
    },
    {
      "file_id": "sample_00000021",
      "dataset": "mer2024",
      "reference_caption": "In the audio, there is a longer pause between \"Are you genuinely willing\" and \"to be with Xiaochuan?\" when the character expresses the phrase. She maintains direct eye contact with the other person and engages in a serious conversation. In the audio, there is a longer pause between \"Are you genuinely willing\" and \"to be with Xiaochuan?\" when the character expresses the phrase. This pause may indicate that the character has some doubts about the other person's true intentions or emotional feelings, or it could be due to uncertainty about the future or concerns about the relationship.In the text, the subtitle reads, \"Are you genuinely willing to be with Xiaochuan?\" Based on the video clues of the woman's calm facial expression, natural posture, absence of nervousness or unease, and her direct eye contact and serious conversation with the other person, it can be inferred that she is asking the question in a calm and sincere manner. However, based on the pause in the audio when the character expresses this sentence, it can be speculated that she may have some doubts or concerns about the other person's true intentions or emotional feelings. This pause may imply her uncertainty about the future or her worries about the relationship, so she may have a certain emotional state of questioning or concern when asking this question.",
      "generated_text": "Based on the voice, it sounds like this person is fearful in the audio.",
      "bleu_1_score": 2.2942674037636934e-07,
      "bleu_4_score": 3.9382875773489576e-08,
      "meteor_score": 0.03618710415200563,
      "rouge_l_score": 0.06666666666666665,
      "cider_score": 0.5621487667468962,
      "caption_type": "audio_only",
      "language": "english",
      "prompt_type": "nosubtitle",
      "latency_metrics": {
        "ttft": 0.2825876474380493,
        "itps": 1411.9513135742118,
        "otps": 56.61960154683556,
        "oet": 0.2825876474380493,
        "total_time": 0.5651752948760986,
        "input_tokens": 399,
        "output_tokens": 16,
        "cpu_percent": 0.0,
        "ram_gb": 1.911865234375,
        "gpu_util": 44.0,
        "gpu_memory_gb": 18.052001953125
      },
      "bertscore_precision": 0.8797160387039185,
      "bertscore_recall": 0.8076571226119995,
      "bertscore_f1": 0.842147946357727
    }
  ]
}