{
  "experiment_config": {
    "dataset_path": "data/processed/secap/manifest.json",
    "output_name": "sc_secap_chinese_test",
    "caption_type": "original",
    "language": "chinese",
    "prompt_type": "default",
    "max_samples": 10,
    "uncertainty_threshold": 1.2,
    "k": 7,
    "temperature": 0.7,
    "top_p": 0.8,
    "repetition_penalty": 1.05,
    "max_tokens": 100,
    "total_samples": 10
  },
  "metrics": {
    "avg_bleu": 0.009366916337374225,
    "avg_cider": 0.18491728285433745,
    "latency_metrics": {
      "ttft_mean": 59.40023000240326,
      "ttft_min": 0.27605509757995605,
      "ttft_max": 337.0252833366394,
      "itps_mean": 0.0,
      "itps_min": 0.0,
      "itps_max": 0.0,
      "otps_mean": 3.098822576834256,
      "otps_min": 0.4153525132304778,
      "otps_max": 7.626787435805686,
      "oet_mean": 59.829540967941284,
      "oet_min": 0.43833136558532715,
      "oet_max": 337.063086271286,
      "total_time_mean": 59.83010213375091,
      "total_time_min": 0.4386136531829834,
      "total_time_max": 337.06417059898376,
      "cpu_percent_mean": 0.348,
      "cpu_percent_min": 0.27999999999999997,
      "cpu_percent_max": 0.5,
      "ram_gb_mean": 6.2821807861328125,
      "ram_gb_min": 6.2591552734375,
      "ram_gb_max": 6.285129547119141,
      "gpu_util_mean": 41.2,
      "gpu_util_min": 8.0,
      "gpu_util_max": 59.0,
      "gpu_memory_gb_mean": 37.411181640625,
      "gpu_memory_gb_min": 34.948486328125,
      "gpu_memory_gb_max": 39.665283203125,
      "avg_input_tokens": 0.0,
      "avg_output_tokens": 60.2,
      "total_input_tokens": 0,
      "total_output_tokens": 602
    }
  },
  "speculative_metrics": {
    "avg_latency": 59.829540967941284,
    "avg_tokens_per_second": 3.098822576834257,
    "avg_acceptance_rate": 0.9397752808988763,
    "avg_rounds": 10.5,
    "total_tokens": 602,
    "total_cloud_calls": 2,
    "cloud_call_rate": 0.2
  },
  "detailed_results": [
    {
      "file_id": "tx_emotion_00201000015",
      "dataset": "secap",
      "ground_truth_caption": "悲伤逆流成河",
      "generated_text": "悲伤，语气沉重，带着一丝绝望。感觉像是在诉说一场悲剧。你听到了吗？",
      "bleu_score": 0.011945952463515465,
      "cider_score": 0.1912730139190015,
      "total_tokens": 22,
      "accepted_tokens": 22,
      "rejected_tokens": 0,
      "total_latency": 14.669687747955322,
      "edge_latency": 14.614294528961182,
      "cloud_latency": 0.0,
      "total_rounds": 5,
      "acceptance_rate": 1.0,
      "tokens_per_second": 1.4996910894075701,
      "sample_time": 14.670087099075317,
      "latency_metrics": {
        "ttft": 14.614294528961182,
        "itps": 0.0,
        "otps": 1.4996910894075701,
        "oet": 14.669687747955322,
        "total_time": 14.670087099075317,
        "input_tokens": 0,
        "output_tokens": 22,
        "cpu_percent": 0.31000000000000005,
        "ram_gb": 6.2591552734375,
        "gpu_util": 59,
        "gpu_memory_gb": 34.948486328125
      },
      "success": true
    },
    {
      "file_id": "tx_emotion_00201000107",
      "dataset": "secap",
      "ground_truth_caption": "伤心难过，声音颤抖，情绪激动失望",
      "generated_text": "心情沉重，语气坚定，心情低落，抑郁。// 压力山大，内心痛苦，烦躁不安。 // 哭泣声不断，悲伤难忍，绝望无助。 / 唉声叹气，心碎欲绝。 /// 喊叫连连，恐惧无边，痛苦不堪。 ",
      "bleu_score": 0.003418219135631723,
      "cider_score": 0.39281439265601453,
      "total_tokens": 69,
      "accepted_tokens": 69,
      "rejected_tokens": 0,
      "total_latency": 9.047059535980225,
      "edge_latency": 9.016814947128296,
      "cloud_latency": 0.0,
      "total_rounds": 11,
      "acceptance_rate": 1.0,
      "tokens_per_second": 7.626787435805686,
      "sample_time": 9.047605991363525,
      "latency_metrics": {
        "ttft": 9.016814947128296,
        "itps": 0.0,
        "otps": 7.626787435805686,
        "oet": 9.047059535980225,
        "total_time": 9.047605991363525,
        "input_tokens": 0,
        "output_tokens": 69,
        "cpu_percent": 0.31000000000000005,
        "ram_gb": 6.2822723388671875,
        "gpu_util": 47,
        "gpu_memory_gb": 34.948486328125
      },
      "success": true
    },
    {
      "file_id": "tx_emotion_00201000148",
      "dataset": "secap",
      "ground_truth_caption": "伤心难过，又无能为力",
      "generated_text": "悲伤难过, 嗓音颤抖, 气氛压抑",
      "bleu_score": 0.02878787818101127,
      "cider_score": 0.21213203435596423,
      "total_tokens": 14,
      "accepted_tokens": 14,
      "rejected_tokens": 0,
      "total_latency": 2.087697982788086,
      "edge_latency": 2.0597918033599854,
      "cloud_latency": 0.0,
      "total_rounds": 3,
      "acceptance_rate": 1.0,
      "tokens_per_second": 6.705950820196335,
      "sample_time": 2.088019847869873,
      "latency_metrics": {
        "ttft": 2.0597918033599854,
        "itps": 0.0,
        "otps": 6.705950820196335,
        "oet": 2.087697982788086,
        "total_time": 2.088019847869873,
        "input_tokens": 0,
        "output_tokens": 14,
        "cpu_percent": 0.5,
        "ram_gb": 6.2848358154296875,
        "gpu_util": 48,
        "gpu_memory_gb": 35.686767578125
      },
      "success": true
    },
    {
      "file_id": "tx_emotion_00201000209",
      "dataset": "secap",
      "ground_truth_caption": "内心对他人感到抱歉，责怪自己",
      "generated_text": "高兴，兴奋，激动。难过。愤怒。激动",
      "bleu_score": 0.011502783619900045,
      "cider_score": 0.09600307214746388,
      "total_tokens": 11,
      "accepted_tokens": 11,
      "rejected_tokens": 0,
      "total_latency": 13.053234338760376,
      "edge_latency": 13.024914503097534,
      "cloud_latency": 0.0,
      "total_rounds": 3,
      "acceptance_rate": 1.0,
      "tokens_per_second": 0.8427030201500723,
      "sample_time": 13.05353331565857,
      "latency_metrics": {
        "ttft": 13.024914503097534,
        "itps": 0.0,
        "otps": 0.8427030201500723,
        "oet": 13.053234338760376,
        "total_time": 13.05353331565857,
        "input_tokens": 0,
        "output_tokens": 11,
        "cpu_percent": 0.34,
        "ram_gb": 6.2848358154296875,
        "gpu_util": 55,
        "gpu_memory_gb": 35.786376953125
      },
      "success": true
    },
    {
      "file_id": "tx_emotion_00201000220",
      "dataset": "secap",
      "ground_truth_caption": "悲痛到无法自拔",
      "generated_text": "一种充满痛苦和绝望的情绪。这种声音让人感到心碎和无助，仿佛内心深处有一块巨大的伤疤。声音时而断然，时而又连贯，像是在诉说着无尽的悲伤。语音起伏强烈，就像狂风呼啸，将人的心灵彻底摧毁。感觉就像是在黑暗中寻找光明，却始终找不到出口。情绪低落，如同深渊一般深不见底。听起来就像是被世界抛弃了，没有人会来关心你。希望你能坚强地走下去，别让这些声音影响到你的心情。愿你能找到属于自己的那片天空，让阳光洒满你的生活。如果你有更多想聊的话题或者需要进一步的帮助",
      "bleu_score": 0.0012005335548825108,
      "cider_score": 0.1333223607510547,
      "total_tokens": 140,
      "accepted_tokens": 140,
      "rejected_tokens": 0,
      "total_latency": 103.50596261024475,
      "edge_latency": 103.47503209114075,
      "cloud_latency": 0.0,
      "total_rounds": 20,
      "acceptance_rate": 1.0,
      "tokens_per_second": 1.3525790830734534,
      "sample_time": 103.50688886642456,
      "latency_metrics": {
        "ttft": 103.47503209114075,
        "itps": 0.0,
        "otps": 1.3525790830734534,
        "oet": 103.50596261024475,
        "total_time": 103.50688886642456,
        "input_tokens": 0,
        "output_tokens": 140,
        "cpu_percent": 0.27999999999999997,
        "ram_gb": 6.2850799560546875,
        "gpu_util": 42,
        "gpu_memory_gb": 38.352783203125
      },
      "success": true
    },
    {
      "file_id": "tx_emotion_00201000274",
      "dataset": "secap",
      "ground_truth_caption": "伤心不已，悲伤凄凉",
      "generated_text": "\n。确定了音频文件的位置后，你可以点击开始播放按钮来听听这个音频片段的内容。如果你对音频有疑问，可以点击帮助按钮获取帮助。音频播放结束后，你还可以点击再次播放来重复播放这个片段。此外，您还可以通过点击下载按钮将音频下载到本地，以便在没有网络连接的情况下随时收",
      "bleu_score": 0.0014058093834917794,
      "cider_score": 0.0823666225822317,
      "total_tokens": 71,
      "accepted_tokens": 71,
      "rejected_tokens": 18,
      "total_latency": 60.09717416763306,
      "edge_latency": 56.23964786529541,
      "cloud_latency": 3.821706533432007,
      "total_rounds": 20,
      "acceptance_rate": 0.797752808988764,