{
  "experiment_config": {
    "dataset_type": "unified",
    "dataset_path": "data/processed/mer2024/manifest_audio_only_final.json",
    "caption_type": "audio_only",
    "language": "chinese",
    "prompt_type": "detailed",
    "max_samples": 2,
    "total_samples": 2,
    "speculative_decoding_config": {
      "entropy_threshold": 4.0,
      "k": 5
    },
    "hardware_config": {
      "edge_device": "cpu",
      "cloud_device": "cuda",
      "max_cpu_cores": 2,
      "max_memory_gb": 16.0,
      "edge_model_dtype": "float32",
      "cloud_model_dtype": "float16"
    }
  },
  "metrics": {
    "corpus_bleu_zh": 0.02209210323874187,
    "avg_bleu_sentence": 0.02104244006123858,
    "avg_cider": 0.45114934361373893,
    "avg_bertscore_precision": 0.22948452085256577,
    "avg_bertscore_recall": 0.11964014172554016,
    "avg_bertscore_f1": 0.17290771007537842,
    "latency_metrics": {
      "ttft_mean": 12.071183681488037,
      "ttft_min": 11.057002544403076,
      "ttft_max": 13.085364818572998,
      "itps_mean": 3965.899411913495,
      "itps_min": 1679.9273772210604,
      "itps_max": 6251.871446605929,
      "otps_mean": 0.49031899512818516,
      "otps_min": 0.4830287264777001,
      "otps_max": 0.4976092637786702,
      "oet_mean": 116.39787805080414,
      "oet_min": 106.50927114486694,
      "oet_max": 126.28648495674133,
      "total_time_mean": 116.5370306968689,
      "total_time_min": 106.57232880592346,
      "total_time_max": 126.50173258781433,
      "cpu_percent_mean": 195.2032095261249,
      "cpu_percent_min": 192.79511961722324,
      "cpu_percent_max": 197.6112994350266,
      "ram_gb_mean": 24.111171184523947,
      "ram_gb_min": 24.037914464728495,
      "ram_gb_max": 24.184427904319403,
      "gpu_util_mean": 27.5,
      "gpu_util_min": 27.0,
      "gpu_util_max": 28.0,
      "gpu_memory_gb_mean": 23.510009765625,
      "gpu_memory_gb_min": 23.321533203125,
      "gpu_memory_gb_max": 23.698486328125,
      "avg_input_tokens": 376.5,
      "avg_output_tokens": 57.0,
      "total_input_tokens": 753,
      "total_output_tokens": 114
    },
    "speculative_decoding_metrics": {
      "total_time_mean": 116.5370306968689,
      "avg_cloud_calls": 40.5,
      "avg_acceptance_rate": 0.2773722627737226,
      "avg_correction_rate": 1.0,
      "avg_cloud_call_rate": 40.5,
      "total_samples": 2
    }
  },
  "detailed_results": [
    {
      "file_id": "sample_00000000",
      "dataset": "mer2024",
      "reference_caption": "在音频中，角色在一开始时音调上挑，表达出不满与不耐。之后边笑边说，表达出高兴中带着一份调侃。；这句话可能是男性医生对某个问题的回答或者解释。根据音频线索中角色的语调变化，从不满与不耐到高兴中带着一份调侃，我们可以推断这句话可能带有一种幽默或者自嘲的语气。男性医生通过开玩笑和调侃的方式缓解了紧张的话题，表现出一种轻松和愉快的情绪。",
      "generated_text": "我哪知道，我也没有这方面的经验啊？说话人语速缓慢，停顿较多，音量较轻，音色紧张，大概是因为他很担心，似乎在犹豫，可能是害怕自己无法胜任，或者不知道如何应对这种情况吧，所以说话时显得有些局。",
      "bleu_score": 0.010535423263332464,
      "cider_score": 0.4350739892636246,
      "caption_type": "audio_only",
      "language": "chinese",
      "prompt_type": "detailed",
      "latency_metrics": {
        "ttft": 13.085364818572998,
        "itps": 1679.9273772210604,
        "otps": 0.4830287264777001,
        "oet": 126.28648495674133,
        "total_time": 126.50173258781433,
        "input_tokens": 361,
        "output_tokens": 61,
        "cpu_percent": 192.79511961722324,
        "cpu_avg": 192.79511961722324,
        "cpu_max": 209.9,
        "ram_gb": 24.037914464728495,
        "memory_avg_gb": 24.037914464728495,
        "memory_max_gb": 24.114032745361328,
        "gpu_util": 27,
        "gpu_memory_gb": 23.321533203125,
        "cloud_calls": 44,
        "total_draft_tokens": 220,
        "total_accepted_tokens": 61,
        "total_corrections": 44,
        "acceptance_rate": 0.2772727272727273,
        "correction_rate": 1.0,
        "prefill_time": 8.278237104415894,
        "cloud_call_rate": 0.9777777777777777
      },
      "speculative_decoding_metrics": {
        "total_time": 126.50173258781433,
        "output_tokens": 61,
        "cloud_calls": 44,
        "total_draft_tokens": 220,
        "total_accepted_tokens": 61,
        "total_corrections": 44,
        "acceptance_rate": 0.2772727272727273,
        "correction_rate": 1.0,
        "cloud_call_rate": 0.9777777777777777
      },
      "speculative_decoding_config": {
        "entropy_threshold": 4.0,
        "k": 5
      },
      "hardware_config": {
        "edge_device": "cpu",
        "cloud_device": "cuda",
        "max_cpu_cores": 2,
        "max_memory_gb": 16.0,
        "edge_model_dtype": "float32",
        "cloud_model_dtype": "float16"
      },
      "bertscore_precision": 0.1303711086511612,
      "bertscore_recall": 0.06963914632797241,
      "bertscore_f1": 0.10023792088031769
    },
    {
      "file_id": "sample_00000007",
      "dataset": "mer2024",
      "reference_caption": "在音频中，角色声音洪亮，语气语调较为平稳，语音中带着一丝笑意，表明角色的情绪较为愉悦。；这句话可能是女士在电话中与对方约定见面的一种表达。根据音频线索中角色愉悦的语气和笑意，我们可以推断这句话是女士对对方的积极回应，并表示她愿意与对方见面。女士的笑容和点头动作也进一步支持了这一推断。因此，这句话表达了女士的高兴和期待情绪。",
      "generated_text": "说话特别有点忙比较紧张，声音有点大，语速较快，停顿较少，音色比较清晰，大概是在和朋友约定见面，可能有点期待，似乎有点小激动，所以说话人的情绪是兴奋，大概是因为和朋友见面。",
      "bleu_score": 0.031549456859144696,
      "cider_score": 0.46722469796385324,
      "caption_type": "audio_only",
      "language": "chinese",
      "prompt_type": "detailed",
      "latency_metrics": {
        "ttft": 11.057002544403076,
        "itps": 6251.871446605929,
        "otps": 0.4976092637786702,
        "oet": 106.50927114486694,
        "total_time": 106.57232880592346,
        "input_tokens": 392,
        "output_tokens": 53,
        "cpu_percent": 197.6112994350266,
        "cpu_avg": 197.6112994350266,
        "cpu_max": 209.9,
        "ram_gb": 24.184427904319403,
        "memory_avg_gb": 24.184427904319403,
        "memory_max_gb": 24.40447235107422,
        "gpu_util": 28,
        "gpu_memory_gb": 23.698486328125,
        "cloud_calls": 37,
        "total_draft_tokens": 191,
        "total_accepted_tokens": 53,
        "total_corrections": 37,
        "acceptance_rate": 0.2774869109947644,
        "correction_rate": 1.0,
        "prefill_time": 8.99999189376831,
        "cloud_call_rate": 0.9487179487179487
      },
      "speculative_decoding_metrics": {
        "total_time": 106.57232880592346,
        "output_tokens": 53,
        "cloud_calls": 37,
        "total_draft_tokens": 191,
        "total_accepted_tokens": 53,
        "total_corrections": 37,
        "acceptance_rate": 0.2774869109947644,
        "correction_rate": 1.0,
        "cloud_call_rate": 0.9487179487179487
      },
      "speculative_decoding_config": {
        "entropy_threshold": 4.0,
        "k": 5
      },
      "hardware_config": {
        "edge_device": "cpu",
        "cloud_device": "cuda",
        "max_cpu_cores": 2,
        "max_memory_gb": 16.0,
        "edge_model_dtype": "float32",
        "cloud_model_dtype": "float16"
      },
      "bertscore_precision": 0.32859793305397034,
      "bertscore_recall": 0.1696411371231079,
      "bertscore_f1": 0.24557749927043915
    }
  ]
}