{
  "experiment_config": {
    "dataset_type": "unified",
    "dataset_path": "data/processed/mer2024/manifest_audio_only_final.json",
    "caption_type": "audio_only",
    "language": "chinese",
    "prompt_type": "detailed",
    "max_samples": 5,
    "total_samples": 5,
    "speculative_decoding_config": {
      "entropy_threshold": 4.0,
      "k": 5
    },
    "hardware_config": {
      "edge_device": "cpu",
      "cloud_device": "cuda",
      "max_cpu_cores": 2,
      "max_memory_gb": 16.0,
      "edge_model_dtype": "float32",
      "cloud_model_dtype": "float16"
    }
  },
  "metrics": {
    "corpus_bleu_zh": 0.02371991482761931,
    "avg_bleu_sentence": 0.020361481608164075,
    "avg_cider": 0.41755016532746386,
    "avg_bertscore_precision": 0.17020765207707883,
    "avg_bertscore_recall": 0.07481775470077992,
    "avg_bertscore_f1": 0.12162841111421585,
    "latency_metrics": {
      "ttft_mean": 10.186652421951294,
      "ttft_min": 8.816232681274414,
      "ttft_max": 11.088946104049683,
      "itps_mean": 5752.278222343036,
      "itps_min": 4873.581336663619,
      "itps_max": 6243.562671341915,
      "otps_mean": 0.5357609646587649,
      "otps_min": 0.4623453073184152,
      "otps_max": 0.6140111701373764,
      "oet_mean": 119.96082310676574,
      "oet_min": 104.23263144493103,
      "oet_max": 138.42467737197876,
      "total_time_mean": 120.02396459579468,
      "total_time_min": 104.29549264907837,
      "total_time_max": 138.48263788223267,
      "cpu_percent_mean": 196.88876563027844,
      "cpu_percent_min": 196.18783333333167,
      "cpu_percent_max": 197.77445255474407,
      "ram_gb_mean": 23.939041892792932,
      "ram_gb_min": 23.74614828806075,
      "ram_gb_max": 24.003053811344788,
      "gpu_util_mean": 26.4,
      "gpu_util_min": 22.0,
      "gpu_util_max": 29.0,
      "gpu_memory_gb_mean": 23.855517578125,
      "gpu_memory_gb_min": 23.444580078125,
      "gpu_memory_gb_max": 23.958251953125,
      "avg_input_tokens": 359.2,
      "avg_output_tokens": 63.6,
      "total_input_tokens": 1796,
      "total_output_tokens": 318
    },
    "speculative_decoding_metrics": {
      "total_time_mean": 120.02396459579468,
      "avg_cloud_calls": 43.8,
      "avg_acceptance_rate": 0.29444444444444445,
      "avg_correction_rate": 0.9954337899543378,
      "avg_cloud_call_rate": 43.8,
      "total_samples": 5
    }
  },
  "detailed_results": [
    {
      "file_id": "sample_00000000",
      "dataset": "mer2024",
      "reference_caption": "在音频中，角色在一开始时音调上挑，表达出不满与不耐。之后边笑边说，表达出高兴中带着一份调侃。；这句话可能是男性医生对某个问题的回答或者解释。根据音频线索中角色的语调变化，从不满与不耐到高兴中带着一份调侃，我们可以推断这句话可能带有一种幽默或者自嘲的语气。男性医生通过开玩笑和调侃的方式缓解了紧张的话题，表现出一种轻松和愉快的情绪。",
      "generated_text": "我哪知道，我也没有这方面的经验啊？说话人语速缓慢，停顿较多，音量较轻，音色紧张，大概是因为他从未涉足，所以显得有些不知，似乎在犹豫，可能是对未知事物的恐惧吧，大概就是这种感觉。可能他只是在寻找答案",
      "bleu_score": 0.0108487363477089,
      "cider_score": 0.4258944733326347,
      "caption_type": "audio_only",
      "language": "chinese",
      "prompt_type": "detailed",
      "latency_metrics": {
        "ttft": 10.51255202293396,
        "itps": 4873.581336663619,
        "otps": 0.5054756847834693,
        "oet": 126.61340975761414,
        "total_time": 126.68784523010254,
        "input_tokens": 361,
        "output_tokens": 64,
        "cpu_percent": 196.368412698411,
        "cpu_avg": 196.368412698411,
        "cpu_max": 209.7,
        "ram_gb": 23.74614828806075,
        "memory_avg_gb": 23.74614828806075,
        "memory_max_gb": 23.849239349365234,
        "gpu_util": 27,
        "gpu_memory_gb": 23.444580078125,
        "cloud_calls": 46,
        "total_draft_tokens": 230,
        "total_accepted_tokens": 64,
        "total_corrections": 46,
        "acceptance_rate": 0.2782608695652174,
        "correction_rate": 1.0,
        "prefill_time": 8.087273120880127,
        "cloud_call_rate": 0.9787234042553191
      },
      "speculative_decoding_metrics": {
        "total_time": 126.68784523010254,
        "output_tokens": 64,
        "cloud_calls": 46,
        "total_draft_tokens": 230,
        "total_accepted_tokens": 64,
        "total_corrections": 46,
        "acceptance_rate": 0.2782608695652174,
        "correction_rate": 1.0,
        "cloud_call_rate": 0.9787234042553191
      },
      "speculative_decoding_config": {
        "entropy_threshold": 4.0,
        "k": 5
      },
      "hardware_config": {
        "edge_device": "cpu",
        "cloud_device": "cuda",
        "max_cpu_cores": 2,
        "max_memory_gb": 16.0,
        "edge_model_dtype": "float32",
        "cloud_model_dtype": "float16"
      },
      "bertscore_precision": 0.14710773527622223,
      "bertscore_recall": 0.07221801578998566,
      "bertscore_f1": 0.10952742397785187
    },
    {
      "file_id": "sample_00000007",
      "dataset": "mer2024",
      "reference_caption": "在音频中，角色声音洪亮，语气语调较为平稳，语音中带着一丝笑意，表明角色的情绪较为愉悦。；这句话可能是女士在电话中与对方约定见面的一种表达。根据音频线索中角色愉悦的语气和笑意，我们可以推断这句话是女士对对方的积极回应，并表示她愿意与对方见面。女士的笑容和点头动作也进一步支持了这一推断。因此，这句话表达了女士的高兴和期待情绪。",
      "generated_text": "说话特别有点忙比较紧张，声音有点大，语速较快，停顿较少，音色比较清晰，大概是在和朋友约定见面，可能有点小激动，所以说话的时候情绪比较兴奋，大概是因为想见到朋友，感觉很期待，所以说话的时候声音有点大。",
      "bleu_score": 0.027637391022004486,
      "cider_score": 0.4604693833866954,
      "caption_type": "audio_only",
      "language": "chinese",
      "prompt_type": "detailed",
      "latency_metrics": {
        "ttft": 11.088946104049683,
        "itps": 6188.361372592562,
        "otps": 0.5061563159797551,
        "oet": 120.5161292552948,
        "total_time": 120.57977867126465,
        "input_tokens": 392,
        "output_tokens": 61,
        "cpu_percent": 196.18783333333167,
        "cpu_avg": 196.18783333333167,
        "cpu_max": 209.7,
        "ram_gb": 23.964469401041665,
        "memory_avg_gb": 23.964469401041665,
        "memory_max_gb": 24.182357788085938,
        "gpu_util": 29,
        "gpu_memory_gb": 23.958251953125,
        "cloud_calls": 44,
        "total_draft_tokens": 221,
        "total_accepted_tokens": 61,
        "total_corrections": 43,
        "acceptance_rate": 0.27601809954751133,
        "correction_rate": 0.9772727272727273,
        "prefill_time": 9.081462860107422,
        "cloud_call_rate": 0.9777777777777777
      },
      "speculative_decoding_metrics": {
        "total_time": 120.57977867126465,
        "output_tokens": 61,
        "cloud_calls": 44,
        "total_draft_tokens": 221,
        "total_accepted_tokens": 61,
        "total_corrections": 43,
        "acceptance_rate": 0.27601809954751133,
        "correction_rate": 0.9772727272727273,
        "cloud_call_rate": 0.9777777777777777
      },
      "speculative_decoding_config": {
        "entropy_threshold": 4.0,
        "k": 5
      },
      "hardware_config": {
        "edge_device": "cpu",
        "cloud_device": "cuda",
        "max_cpu_cores": 2,
        "max_memory_gb": 16.0,
        "edge_model_dtype": "float32",
        "cloud_model_dtype": "float16"
      },
      "bertscore_precision": 0.29622894525527954,
      "bertscore_recall": 0.15184997022151947,
      "bertscore_f1": 0.22121761739253998
    },
    {
      "file_id": "sample_00000021",
      "dataset": "mer2024",
      "reference_caption": "在音频中，角色在表达“你是真心愿意跟小川在一起？”的时候，在“你是真心”和“愿意跟小川在一起？”中有较长的停顿。这种停顿可能表明角色对对方的真实意图或者情感感受存在一些疑虑，也可能是因为对未来的不确定性或者对关系的担忧。；然而，根据音频线索中角色在表达这句话时的停顿，可以推测她可能对对方的真实意图或情感感受存在一些疑虑或担忧。这种停顿可能暗示着她对未来的不确定性或对关系的担忧，因此她在询问这个问题时可能带有一定的疑问或担心的情感状态。",
      "generated_text": "你是否真心想和小川在一起，说话人语速缓慢，音调平稳，音量适中，停顿自然，连贯度高，情感说明长有轻微的紧张感，说话人可能对小川的感情比较真挚，但又有些犹豫，大概是因为担心自己不够好",
      "bleu_score": 0.024434181867051694,
      "cider_score": 0.4900690032223914,
      "caption_type": "audio_only",
      "language": "chinese",
      "prompt_type": "detailed",
      "latency_metrics": {
        "ttft": 10.096451759338379,
        "itps": 6243.562671341915,
        "otps": 0.4623453073184152,
        "oet": 138.42467737197876,
        "total_time": 138.48263788223267,
        "input_tokens": 360,
        "output_tokens": 64,
        "cpu_percent": 196.48808139534958,