{
  "experiment_config": {
    "dataset_type": "unified",
    "dataset_path": "data/processed/mer2024/manifest_audio_only_final.json",
    "caption_type": "audio_only",
    "language": "chinese",
    "prompt_type": "detailed",
    "max_samples": 5,
    "total_samples": 5,
    "speculative_decoding_config": {
      "entropy_threshold": 4.0,
      "k": 5
    },
    "hardware_config": {
      "edge_device": "cpu",
      "cloud_device": "cuda",
      "max_cpu_cores": 2,
      "max_memory_gb": 16.0,
      "edge_model_dtype": "float32",
      "cloud_model_dtype": "float16"
    }
  },
  "metrics": {
    "corpus_bleu_zh": 0.01355883631666572,
    "avg_bleu_sentence": 0.01073625578825354,
    "avg_cider": 0.484245317777625,
    "avg_bertscore_precision": 0.23877855241298676,
    "avg_bertscore_recall": 0.10987016260623932,
    "avg_bertscore_f1": 0.17186253219842912,
    "latency_metrics": {
      "ttft_mean": 9.98177719116211,
      "ttft_min": 8.63960576057434,
      "ttft_max": 10.963666439056396,
      "itps_mean": 5960.460343007127,
      "itps_min": 4948.101318605905,
      "itps_max": 6673.242835026567,
      "otps_mean": 1.499829415048287,
      "otps_min": 1.015320547137519,
      "otps_max": 1.8831693123578797,
      "oet_mean": 29.598327302932738,
      "oet_min": 20.005316972732544,
      "oet_max": 51.21535277366638,
      "total_time_mean": 29.65941514968872,
      "total_time_min": 20.061193227767944,
      "total_time_max": 51.27818942070007,
      "cpu_percent_mean": 197.95112918637665,
      "cpu_percent_min": 192.5687500000003,
      "cpu_percent_max": 199.840336134454,
      "ram_gb_mean": 23.07878536913575,
      "ram_gb_min": 22.842116560254777,
      "ram_gb_max": 23.148234939575197,
      "gpu_util_mean": 21.6,
      "gpu_util_min": 1.0,
      "gpu_util_max": 27.0,
      "gpu_memory_gb_mean": 23.191455078125,
      "gpu_memory_gb_min": 22.522705078125,
      "gpu_memory_gb_max": 23.358642578125,
      "avg_input_tokens": 359.2,
      "avg_output_tokens": 41.8,
      "total_input_tokens": 1796,
      "total_output_tokens": 209
    },
    "speculative_decoding_metrics": {
      "total_time_mean": 29.65941514968872,
      "avg_cloud_calls": 5.2,
      "avg_acceptance_rate": 0.842741935483871,
      "avg_correction_rate": 0.5,
      "avg_cloud_call_rate": 5.2,
      "total_samples": 5
    }
  },
  "detailed_results": [
    {
      "file_id": "sample_00000000",
      "dataset": "mer2024",
      "reference_caption": "在音频中，角色在一开始时音调上挑，表达出不满与不耐。之后边笑边说，表达出高兴中带着一份调侃。；这句话可能是男性医生对某个问题的回答或者解释。根据音频线索中角色的语调变化，从不满与不耐到高兴中带着一份调侃，我们可以推断这句话可能带有一种幽默或者自嘲的语气。男性医生通过开玩笑和调侃的方式缓解了紧张的话题，表现出一种轻松和愉快的情绪。",
      "generated_text": "他语速缓慢，音调低沉，停顿较多，在讲述自己的经历时，似乎有些无奈和沮丧，可能是因为自己在情感上遇到了挫折。",
      "bleu_score": 0.003844801287032619,
      "cider_score": 0.400550517143291,
      "caption_type": "audio_only",
      "language": "chinese",
      "prompt_type": "detailed",
      "latency_metrics": {
        "ttft": 10.039393663406372,
        "itps": 4948.101318605905,
        "otps": 1.5484794852150916,
        "oet": 22.60281801223755,
        "total_time": 22.67641544342041,
        "input_tokens": 361,
        "output_tokens": 35,
        "cpu_percent": 192.5687500000003,
        "cpu_avg": 192.5687500000003,
        "cpu_max": 209.7,
        "ram_gb": 22.842116560254777,
        "memory_avg_gb": 22.842116560254777,
        "memory_max_gb": 23.00253677368164,
        "gpu_util": 27,
        "gpu_memory_gb": 22.522705078125,
        "cloud_calls": 2,
        "total_draft_tokens": 35,
        "total_accepted_tokens": 35,
        "total_corrections": 0,
        "acceptance_rate": 1.0,
        "correction_rate": 0.0,
        "prefill_time": 8.124212980270386,
        "cloud_call_rate": 0.25
      },
      "speculative_decoding_metrics": {
        "total_time": 22.67641544342041,
        "output_tokens": 35,
        "cloud_calls": 2,
        "total_draft_tokens": 35,
        "total_accepted_tokens": 35,
        "total_corrections": 0,
        "acceptance_rate": 1.0,
        "correction_rate": 0.0,
        "cloud_call_rate": 0.25
      },
      "speculative_decoding_config": {
        "entropy_threshold": 4.0,
        "k": 5
      },
      "hardware_config": {
        "edge_device": "cpu",
        "cloud_device": "cuda",
        "max_cpu_cores": 2,
        "max_memory_gb": 16.0,
        "edge_model_dtype": "float32",
        "cloud_model_dtype": "float16"
      },
      "bertscore_precision": 0.2218552827835083,
      "bertscore_recall": 0.08091440796852112,
      "bertscore_f1": 0.14862476289272308
    },
    {
      "file_id": "sample_00000007",
      "dataset": "mer2024",
      "reference_caption": "在音频中，角色声音洪亮，语气语调较为平稳，语音中带着一丝笑意，表明角色的情绪较为愉悦。；这句话可能是女士在电话中与对方约定见面的一种表达。根据音频线索中角色愉悦的语气和笑意，我们可以推断这句话是女士对对方的积极回应，并表示她愿意与对方见面。女士的笑容和点头动作也进一步支持了这一推断。因此，这句话表达了女士的高兴和期待情绪。",
      "generated_text": "“那就不见不散”这句话的语速比较缓慢，音调平稳，音量适中，连贯性较好，停顿较少，说话者似乎在表达一种轻松愉悦的情绪，可能是因为对即将见面，所以才这么说。”",
      "bleu_score": 0.01861303174652125,
      "cider_score": 0.5941724148724578,
      "caption_type": "audio_only",
      "language": "chinese",
      "prompt_type": "detailed",
      "latency_metrics": {
        "ttft": 10.963666439056396,
        "itps": 6273.34013003266,
        "otps": 1.015320547137519,
        "oet": 51.21535277366638,
        "total_time": 51.27818942070007,
        "input_tokens": 392,
        "output_tokens": 52,
        "cpu_percent": 198.44823529411698,
        "cpu_avg": 198.44823529411698,
        "cpu_max": 209.7,
        "ram_gb": 23.11415714937098,
        "memory_avg_gb": 23.11415714937098,
        "memory_max_gb": 23.321979522705078,
        "gpu_util": 27,
        "gpu_memory_gb": 23.358642578125,
        "cloud_calls": 15,
        "total_draft_tokens": 87,
        "total_accepted_tokens": 52,
        "total_corrections": 11,
        "acceptance_rate": 0.5977011494252874,
        "correction_rate": 0.7333333333333333,
        "prefill_time": 8.978105545043945,
        "cloud_call_rate": 0.8333333333333334
      },
      "speculative_decoding_metrics": {
        "total_time": 51.27818942070007,
        "output_tokens": 52,
        "cloud_calls": 15,
        "total_draft_tokens": 87,
        "total_accepted_tokens": 52,
        "total_corrections": 11,
        "acceptance_rate": 0.5977011494252874,
        "correction_rate": 0.7333333333333333,
        "cloud_call_rate": 0.8333333333333334
      },
      "speculative_decoding_config": {
        "entropy_threshold": 4.0,
        "k": 5
      },
      "hardware_config": {
        "edge_device": "cpu",
        "cloud_device": "cuda",
        "max_cpu_cores": 2,
        "max_memory_gb": 16.0,
        "edge_model_dtype": "float32",
        "cloud_model_dtype": "float16"
      },
      "bertscore_precision": 0.30691832304000854,
      "bertscore_recall": 0.20260989665985107,
      "bertscore_f1": 0.25368422269821167
    },
    {
      "file_id": "sample_00000021",
      "dataset": "mer2024",
      "reference_caption": "在音频中，角色在表达“你是真心愿意跟小川在一起？”的时候，在“你是真心”和“愿意跟小川在一起？”中有较长的停顿。这种停顿可能表明角色对对方的真实意图或者情感感受存在一些疑虑，也可能是因为对未来的不确定性或者对关系的担忧。；然而，根据音频线索中角色在表达这句话时的停顿，可以推测她可能对对方的真实意图或情感感受存在一些疑虑或担忧。这种停顿可能暗示着她对未来的不确定性或对关系的担忧，因此她在询问这个问题时可能带有一定的疑问或担心的情感状态。",
      "generated_text": "“小川啊，停顿与轻柔的音调，”说话人的语气中带着一丝犹豫，似乎在思考是否真心愿意和他在一起，可能是因为内心深处对这段感情有着复杂的情感纠葛。",
      "bleu_score": 0.018424444776333055,
      "cider_score": 0.6331533565124112,
      "caption_type": "audio_only",
      "language": "chinese",
      "prompt_type": "detailed",
      "latency_metrics": {
        "ttft": 10.004542827606201,
        "itps": 6247.851205130857,
        "otps": 1.5525763975008133,
        "oet": 30.27226233482361,
        "total_time": 30.330074787139893,
        "input_tokens": 360,
        "output_tokens": 47,
        "cpu_percent": 199.70132450331172,
        "cpu_avg": 199.70132450331172,
        "cpu_max": 219.7,
        "ram_gb": 23.143875122070312,
        "memory_avg_gb": 23.143875122070312,
        "memory_max_gb": 23.34345245361328,
        "gpu_util": 27,