{
  "experiment_config": {
    "dataset_type": "unified",
    "dataset_path": "data/processed/mer2024/manifest_audio_only_final.json",
    "caption_type": "audio_only",
    "language": "chinese",
    "prompt_type": "detailed",
    "max_samples": 5,
    "total_samples": 5,
    "speculative_decoding_config": {
      "entropy_threshold": 4.0,
      "k": 5
    },
    "hardware_config": {
      "edge_device": "cpu",
      "cloud_device": "cuda",
      "max_cpu_cores": 2,
      "max_memory_gb": 16.0,
      "edge_model_dtype": "float32",
      "cloud_model_dtype": "float16"
    }
  },
  "metrics": {
    "corpus_bleu_zh": 0.022187024798168455,
    "avg_bleu_sentence": 0.016814576910935655,
    "avg_cider": 0.3861292935570321,
    "avg_bertscore_precision": 0.17226014537736772,
    "avg_bertscore_recall": 0.08849687613546849,
    "avg_bertscore_f1": 0.12922405507415533,
    "latency_metrics": {
      "ttft_mean": 10.961684083938598,
      "ttft_min": 9.896292924880981,
      "ttft_max": 11.66621994972229,
      "itps_mean": 5650.6599303953935,
      "itps_min": 4475.438394670182,
      "itps_max": 6420.947844866302,
      "otps_mean": 0.5056777076586878,
      "otps_min": 0.3882699234789241,
      "otps_max": 0.8187068355749105,
      "oet_mean": 115.86450219154358,
      "oet_min": 81.83637547492981,
      "oet_max": 164.83378219604492,
      "total_time_mean": 115.92924966812134,
      "total_time_min": 81.89731240272522,
      "total_time_max": 164.89610958099365,
      "cpu_percent_mean": 197.47040979075828,
      "cpu_percent_min": 196.7827402135215,
      "cpu_percent_max": 198.70285035629345,
      "ram_gb_mean": 24.268014642291252,
      "ram_gb_min": 24.169462285432104,
      "ram_gb_max": 24.295824636698356,
      "gpu_util_mean": 26.4,
      "gpu_util_min": 22.0,
      "gpu_util_max": 29.0,
      "gpu_memory_gb_mean": 23.782861328125,
      "gpu_memory_gb_min": 23.081298828125,
      "gpu_memory_gb_max": 23.958251953125,
      "avg_input_tokens": 359.2,
      "avg_output_tokens": 55.6,
      "total_input_tokens": 1796,
      "total_output_tokens": 278
    },
    "speculative_decoding_metrics": {
      "total_time_mean": 115.92924966812134,
      "avg_cloud_calls": 37.6,
      "avg_acceptance_rate": 0.2810920121334681,
      "avg_correction_rate": 1.0,
      "avg_cloud_call_rate": 37.6,
      "total_samples": 5
    }
  },
  "detailed_results": [
    {
      "file_id": "sample_00000000",
      "dataset": "mer2024",
      "reference_caption": "在音频中，角色在一开始时音调上挑，表达出不满与不耐。之后边笑边说，表达出高兴中带着一份调侃。；这句话可能是男性医生对某个问题的回答或者解释。根据音频线索中角色的语调变化，从不满与不耐到高兴中带着一份调侃，我们可以推断这句话可能带有一种幽默或者自嘲的语气。男性医生通过开玩笑和调侃的方式缓解了紧张的话题，表现出一种轻松和愉快的情绪。",
      "generated_text": "我哪知道啊，我也没有这方面的经验，可能说话的语速比较缓慢，音调平稳，音量适中，停顿较多，连贯度较差，似乎说话人的情绪比较平静。",
      "bleu_score": 0.006716896758543275,
      "cider_score": 0.4425932651247487,
      "caption_type": "audio_only",
      "language": "chinese",
      "prompt_type": "detailed",
      "latency_metrics": {
        "ttft": 11.522482872009277,
        "itps": 4475.438394670182,
        "otps": 0.39866340065885647,
        "oet": 112.87717890739441,
        "total_time": 112.95820951461792,
        "input_tokens": 361,
        "output_tokens": 45,
        "cpu_percent": 196.7827402135215,
        "cpu_avg": 196.7827402135215,
        "cpu_max": 209.7,
        "ram_gb": 24.169462285432104,
        "memory_avg_gb": 24.169462285432104,
        "memory_max_gb": 24.251182556152344,
        "gpu_util": 27,
        "gpu_memory_gb": 23.081298828125,
        "cloud_calls": 38,
        "total_draft_tokens": 190,
        "total_accepted_tokens": 45,
        "total_corrections": 38,
        "acceptance_rate": 0.23684210526315788,
        "correction_rate": 1.0,
        "prefill_time": 8.60617446899414,
        "cloud_call_rate": 0.9743589743589743
      },
      "speculative_decoding_metrics": {
        "total_time": 112.95820951461792,
        "output_tokens": 45,
        "cloud_calls": 38,
        "total_draft_tokens": 190,
        "total_accepted_tokens": 45,
        "total_corrections": 38,
        "acceptance_rate": 0.23684210526315788,
        "correction_rate": 1.0,
        "cloud_call_rate": 0.9743589743589743
      },
      "speculative_decoding_config": {
        "entropy_threshold": 4.0,
        "k": 5
      },
      "hardware_config": {
        "edge_device": "cpu",
        "cloud_device": "cuda",
        "max_cpu_cores": 2,
        "max_memory_gb": 16.0,
        "edge_model_dtype": "float32",
        "cloud_model_dtype": "float16"
      },
      "bertscore_precision": 0.17446134984493256,
      "bertscore_recall": 0.06033127009868622,
      "bertscore_f1": 0.1158641055226326
    },
    {
      "file_id": "sample_00000007",
      "dataset": "mer2024",
      "reference_caption": "在音频中，角色声音洪亮，语气语调较为平稳，语音中带着一丝笑意，表明角色的情绪较为愉悦。；这句话可能是女士在电话中与对方约定见面的一种表达。根据音频线索中角色愉悦的语气和笑意，我们可以推断这句话是女士对对方的积极回应，并表示她愿意与对方见面。女士的笑容和点头动作也进一步支持了这一推断。因此，这句话表达了女士的高兴和期待情绪。",
      "generated_text": "说话特别有点忙比较紧张，语速了大重啊好，音调也比较高，音量也比较强，不过说话人的情绪很平静的。说话人似乎是在准备一个重要的演讲，所以语气很坚定，停顿也很自然，连贯度也不错，整体给人一种很专业，很自信",
      "bleu_score": 0.0111807992830972,
      "cider_score": 0.448302198985779,
      "caption_type": "audio_only",
      "language": "chinese",
      "prompt_type": "detailed",
      "latency_metrics": {
        "ttft": 11.66621994972229,
        "itps": 6420.947844866302,
        "otps": 0.47323549776569,
        "oet": 135.23922085762024,
        "total_time": 135.3005723953247,
        "input_tokens": 392,
        "output_tokens": 64,
        "cpu_percent": 197.48382789317395,
        "cpu_avg": 197.48382789317395,
        "cpu_max": 209.8,
        "ram_gb": 24.289068278643782,
        "memory_avg_gb": 24.289068278643782,
        "memory_max_gb": 24.508445739746094,
        "gpu_util": 29,
        "gpu_memory_gb": 23.958251953125,
        "cloud_calls": 44,
        "total_draft_tokens": 230,
        "total_accepted_tokens": 64,
        "total_corrections": 44,
        "acceptance_rate": 0.2782608695652174,
        "correction_rate": 1.0,
        "prefill_time": 9.51237440109253,
        "cloud_call_rate": 0.9361702127659575
      },
      "speculative_decoding_metrics": {
        "total_time": 135.3005723953247,
        "output_tokens": 64,
        "cloud_calls": 44,
        "total_draft_tokens": 230,
        "total_accepted_tokens": 64,
        "total_corrections": 44,
        "acceptance_rate": 0.2782608695652174,
        "correction_rate": 1.0,
        "cloud_call_rate": 0.9361702127659575
      },
      "speculative_decoding_config": {
        "entropy_threshold": 4.0,
        "k": 5
      },
      "hardware_config": {
        "edge_device": "cpu",
        "cloud_device": "cuda",
        "max_cpu_cores": 2,
        "max_memory_gb": 16.0,
        "edge_model_dtype": "float32",
        "cloud_model_dtype": "float16"
      },
      "bertscore_precision": 0.20145004987716675,
      "bertscore_recall": 0.10959906131029129,
      "bertscore_f1": 0.15485988557338715
    },
    {
      "file_id": "sample_00000021",
      "dataset": "mer2024",
      "reference_caption": "在音频中，角色在表达“你是真心愿意跟小川在一起？”的时候，在“你是真心”和“愿意跟小川在一起？”中有较长的停顿。这种停顿可能表明角色对对方的真实意图或者情感感受存在一些疑虑，也可能是因为对未来的不确定性或者对关系的担忧。；然而，根据音频线索中角色在表达这句话时的停顿，可以推测她可能对对方的真实意图或情感感受存在一些疑虑或担忧。这种停顿可能暗示着她对未来的不确定性或对关系的担忧，因此她在询问这个问题时可能带有一定的疑问或担心的情感状态。",
      "generated_text": "你是否真心想和小川在一起，说话人语速缓慢，音调平稳，音量适中，停顿有度，连贯自然，可能语气中带着一丝紧张，似乎在犹豫，大概是因为对小川的感情还不够确定，但又很渴望这份感情能够得到回应。",
      "bleu_score": 0.028328612002877028,
      "cider_score": 0.5067040829541958,
      "caption_type": "audio_only",
      "language": "chinese",
      "prompt_type": "detailed",
      "latency_metrics": {
        "ttft": 10.68332290649414,
        "itps": 5807.698881884373,
        "otps": 0.3882699234789241,
        "oet": 164.83378219604492,
        "total_time": 164.89610958099365,
        "input_tokens": 360,
        "output_tokens": 64,
        "cpu_percent": 197.0564634146358,
        "cpu_avg": 197.0564634146358,
        "cpu_max": 209.9,
        "ram_gb": 24.291916442498927,