{
  "experiment_config": {
    "dataset_type": "unified",
    "dataset_path": "data/processed/secap/manifest.json",
    "caption_type": "audio_only",
    "language": "chinese",
    "prompt_type": "default",
    "max_samples": 2,
    "total_samples": 2,
    "speculative_decoding_config": {
      "entropy_threshold": 4.0,
      "k": 5
    },
    "hardware_config": {
      "edge_device": "cpu",
      "cloud_device": "cuda",
      "max_cpu_cores": 2,
      "max_memory_gb": 6.0,
      "edge_model_dtype": "float32",
      "cloud_model_dtype": "float16"
    }
  },
  "metrics": {
    "avg_bleu": 0.12889626685716574,
    "avg_cider": 0.4360042339640732,
    "latency_metrics": {
      "ttft_mean": 23.888583660125732,
      "ttft_min": 23.777056455612183,
      "ttft_max": 24.000110864639282,
      "itps_mean": 6711.251581079987,
      "itps_min": 3233.1277928784357,
      "itps_max": 10189.375369281537,
      "otps_mean": 0.2093065666824815,
      "otps_min": 0.20832925215080142,
      "otps_max": 0.21028388121416153,
      "oet_mean": 23.888925671577454,
      "oet_min": 23.77738118171692,
      "oet_max": 24.00047016143799,
      "total_time_mean": 24.053518891334534,
      "total_time_min": 23.85227370262146,
      "total_time_max": 24.254764080047607,
      "cpu_percent_mean": 1.6400000000000001,
      "cpu_percent_min": 1.2800000000000002,
      "cpu_percent_max": 2.0,
      "ram_gb_mean": 23.732589721679688,
      "ram_gb_min": 23.54944610595703,
      "ram_gb_max": 23.915733337402344,
      "gpu_util_mean": 0.0,
      "gpu_util_min": 0.0,
      "gpu_util_max": 0.0,
      "gpu_memory_gb_mean": 22.169189453125,
      "gpu_memory_gb_min": 22.169189453125,
      "gpu_memory_gb_max": 22.169189453125,
      "avg_input_tokens": 790.0,
      "avg_output_tokens": 5.0,
      "total_input_tokens": 1580,
      "total_output_tokens": 10
    },
    "speculative_decoding_metrics": {
      "total_time_mean": 24.053518891334534,
      "avg_cloud_calls": 0.5,
      "avg_acceptance_rate": 1.0,
      "avg_correction_rate": 0.0,
      "avg_cloud_call_rate": 0.5,
      "total_samples": 2
    }
  },
  "detailed_results": [
    {
      "file_id": "tx_emotion_00201000015",
      "dataset": "secap",
      "reference_caption": "悲伤逆流成河",
      "generated_text": "悲伤，声音颤抖。",
      "bleu_score": 0.05873949094699214,
      "cider_score": 0.2886751345948129,
      "caption_type": "audio_only",
      "language": "chinese",
      "prompt_type": "default",
      "latency_metrics": {
        "ttft": 24.000110864639282,
        "itps": 3233.1277928784357,
        "otps": 0.20832925215080142,
        "oet": 24.00047016143799,
        "total_time": 24.254764080047607,
        "input_tokens": 821,
        "output_tokens": 5,
        "cpu_percent": 1.2800000000000002,
        "ram_gb": 23.54944610595703,
        "gpu_util": 0,
        "gpu_memory_gb": 22.169189453125,
        "cloud_calls": 0,
        "total_draft_tokens": 5,
        "total_accepted_tokens": 5,
        "total_corrections": 0,
        "acceptance_rate": 1.0,
        "correction_rate": 0,
        "prefill_time": 21.10042428970337,
        "cloud_call_rate": 0.0
      },
      "speculative_decoding_metrics": {
        "total_time": 24.254764080047607,
        "output_tokens": 5,
        "cloud_calls": 0,
        "total_draft_tokens": 5,
        "total_accepted_tokens": 5,
        "total_corrections": 0,
        "acceptance_rate": 1.0,
        "correction_rate": 0,
        "cloud_call_rate": 0.0
      },
      "speculative_decoding_config": {
        "entropy_threshold": 4.0,
        "k": 5
      },
      "hardware_config": {
        "edge_device": "cpu",
        "cloud_device": "cuda",
        "max_cpu_cores": 2,
        "max_memory_gb": 6.0,
        "edge_model_dtype": "float32",
        "cloud_model_dtype": "float16"
      }
    },
    {
      "file_id": "tx_emotion_00201000107",
      "dataset": "secap",
      "reference_caption": "伤心难过，声音颤抖，情绪激动失望",
      "generated_text": "悲伤，声音颤抖。",
      "bleu_score": 0.19905304276733932,
      "cider_score": 0.5833333333333334,
      "caption_type": "audio_only",
      "language": "chinese",
      "prompt_type": "default",
      "latency_metrics": {
        "ttft": 23.777056455612183,
        "itps": 10189.375369281537,
        "otps": 0.21028388121416153,
        "oet": 23.77738118171692,
        "total_time": 23.85227370262146,
        "input_tokens": 759,
        "output_tokens": 5,
        "cpu_percent": 2.0,
        "ram_gb": 23.915733337402344,
        "gpu_util": 0,
        "gpu_memory_gb": 22.169189453125,
        "cloud_calls": 1,
        "total_draft_tokens": 5,
        "total_accepted_tokens": 5,
        "total_corrections": 0,
        "acceptance_rate": 1.0,
        "correction_rate": 0.0,
        "prefill_time": 18.669609308242798,
        "cloud_call_rate": 0.5
      },
      "speculative_decoding_metrics": {
        "total_time": 23.85227370262146,
        "output_tokens": 5,
        "cloud_calls": 1,
        "total_draft_tokens": 5,
        "total_accepted_tokens": 5,
        "total_corrections": 0,
        "acceptance_rate": 1.0,
        "correction_rate": 0.0,
        "cloud_call_rate": 0.5
      },
      "speculative_decoding_config": {
        "entropy_threshold": 4.0,
        "k": 5
      },
      "hardware_config": {
        "edge_device": "cpu",
        "cloud_device": "cuda",
        "max_cpu_cores": 2,
        "max_memory_gb": 6.0,
        "edge_model_dtype": "float32",
        "cloud_model_dtype": "float16"
      }
    }
  ]
}