{
  "experiment_config": {
    "dataset_type": "unified",
    "dataset_path": "data/processed/mer2024/manifest_audio_only_final.json",
    "caption_type": "audio_only",
    "language": "chinese",
    "prompt_type": "detailed",
    "max_samples": 2,
    "total_samples": 2,
    "speculative_decoding_config": {
      "entropy_threshold": 4.0,
      "k": 5
    },
    "hardware_config": {
      "edge_device": "cpu",
      "cloud_device": "cuda",
      "max_cpu_cores": 2,
      "max_memory_gb": 16.0,
      "edge_model_dtype": "float32",
      "cloud_model_dtype": "float16"
    }
  },
  "metrics": {
    "corpus_bleu_zh": 0.0025526597307835752,
    "avg_bleu_sentence": 0.003403860305435229,
    "avg_cider": 0.4206926203862968,
    "avg_bertscore_precision": 0.18602882325649261,
    "avg_bertscore_recall": 0.013875303789973259,
    "avg_bertscore_f1": 0.09523424692451954,
    "latency_metrics": {
      "ttft_mean": 11.04560673236847,
      "ttft_min": 10.555320978164673,
      "ttft_max": 11.535892486572266,
      "itps_mean": 4195.627034441574,
      "itps_min": 2271.054371139649,
      "itps_max": 6120.199697743499,
      "otps_mean": 1.1123198890629387,
      "otps_min": 0.9090354797033142,
      "otps_max": 1.3156042984225633,
      "oet_mean": 25.402609825134277,
      "oet_min": 24.201475620269775,
      "oet_max": 26.60374402999878,
      "total_time_mean": 25.514485716819763,
      "total_time_min": 24.360806941986084,
      "total_time_max": 26.668164491653442,
      "cpu_percent_mean": 192.75372348484865,
      "cpu_percent_min": 186.3210833333337,
      "cpu_percent_max": 199.1863636363636,
      "ram_gb_mean": 23.79017785390218,
      "ram_gb_min": 23.658140563964842,
      "ram_gb_max": 23.92221514383952,
      "gpu_util_mean": 23.5,
      "gpu_util_min": 19.0,
      "gpu_util_max": 28.0,
      "gpu_memory_gb_mean": 22.578369140625,
      "gpu_memory_gb_min": 22.520751953125,
      "gpu_memory_gb_max": 22.635986328125,
      "avg_input_tokens": 376.5,
      "avg_output_tokens": 28.5,
      "total_input_tokens": 753,
      "total_output_tokens": 57
    },
    "speculative_decoding_metrics": {
      "total_time_mean": 25.514485716819763,
      "avg_cloud_calls": 1.5,
      "avg_acceptance_rate": 0.8769230769230769,
      "avg_correction_rate": 1.0,
      "avg_cloud_call_rate": 1.5,
      "total_samples": 2
    }
  },
  "detailed_results": [
    {
      "file_id": "sample_00000000",
      "dataset": "mer2024",
      "reference_caption": "在音频中，角色在一开始时音调上挑，表达出不满与不耐。之后边笑边说，表达出高兴中带着一份调侃。；这句话可能是男性医生对某个问题的回答或者解释。根据音频线索中角色的语调变化，从不满与不耐到高兴中带着一份调侃，我们可以推断这句话可能带有一种幽默或者自嘲的语气。男性医生通过开玩笑和调侃的方式缓解了紧张的话题，表现出一种轻松和愉快的情绪。",
      "generated_text": "他语调低沉，音质略显沙作响，似乎在犹豫的。你要是还有",
      "bleu_score": 0.00010951706000682575,
      "cider_score": 0.34574909689266825,
      "caption_type": "audio_only",
      "language": "chinese",
      "prompt_type": "detailed",
      "latency_metrics": {
        "ttft": 10.555320978164673,
        "itps": 2271.054371139649,
        "otps": 0.9090354797033142,
        "oet": 24.201475620269775,
        "total_time": 24.360806941986084,
        "input_tokens": 361,
        "output_tokens": 22,
        "cpu_percent": 186.3210833333337,
        "cpu_avg": 186.3210833333337,
        "cpu_max": 209.7,
        "ram_gb": 23.658140563964842,
        "memory_avg_gb": 23.658140563964842,
        "memory_max_gb": 23.840106964111328,
        "gpu_util": 19,
        "gpu_memory_gb": 22.520751953125,
        "cloud_calls": 2,
        "total_draft_tokens": 30,
        "total_accepted_tokens": 22,
        "total_corrections": 2,
        "acceptance_rate": 0.7333333333333333,
        "correction_rate": 1.0,
        "prefill_time": 8.43099045753479,
        "cloud_call_rate": 0.2857142857142857
      },
      "speculative_decoding_metrics": {
        "total_time": 24.360806941986084,
        "output_tokens": 22,
        "cloud_calls": 2,
        "total_draft_tokens": 30,
        "total_accepted_tokens": 22,
        "total_corrections": 2,
        "acceptance_rate": 0.7333333333333333,
        "correction_rate": 1.0,
        "cloud_call_rate": 0.2857142857142857
      },
      "speculative_decoding_config": {
        "entropy_threshold": 4.0,
        "k": 5
      },
      "hardware_config": {
        "edge_device": "cpu",
        "cloud_device": "cuda",
        "max_cpu_cores": 2,
        "max_memory_gb": 16.0,
        "edge_model_dtype": "float32",
        "cloud_model_dtype": "float16"
      },
      "bertscore_precision": 0.1256732940673828,
      "bertscore_recall": -0.0332183912396431,
      "bertscore_f1": 0.04220350459218025
    },
    {
      "file_id": "sample_00000007",
      "dataset": "mer2024",
      "reference_caption": "在音频中，角色声音洪亮，语气语调较为平稳，语音中带着一丝笑意，表明角色的情绪较为愉悦。；这句话可能是女士在电话中与对方约定见面的一种表达。根据音频线索中角色愉悦的语气和笑意，我们可以推断这句话是女士对对方的积极回应，并表示她愿意与对方见面。女士的笑容和点头动作也进一步支持了这一推断。因此，这句话表达了女士的高兴和期待情绪。",
      "generated_text": "说话人的语调平稳，音高适中，没有大的起伏，停连自然，语气平和，似乎是在平静地陈述着什么。可能是因为他/",
      "bleu_score": 0.006698203550863632,
      "cider_score": 0.49563614387992533,
      "caption_type": "audio_only",
      "language": "chinese",
      "prompt_type": "detailed",
      "latency_metrics": {
        "ttft": 11.535892486572266,
        "itps": 6120.199697743499,
        "otps": 1.3156042984225633,
        "oet": 26.60374402999878,
        "total_time": 26.668164491653442,
        "input_tokens": 392,
        "output_tokens": 35,
        "cpu_percent": 199.1863636363636,
        "cpu_avg": 199.1863636363636,
        "cpu_max": 209.7,
        "ram_gb": 23.92221514383952,
        "memory_avg_gb": 23.92221514383952,
        "memory_max_gb": 24.143394470214844,
        "gpu_util": 28,
        "gpu_memory_gb": 22.635986328125,
        "cloud_calls": 1,
        "total_draft_tokens": 35,
        "total_accepted_tokens": 35,
        "total_corrections": 1,
        "acceptance_rate": 1.0,
        "correction_rate": 1.0,
        "prefill_time": 9.314768552780151,
        "cloud_call_rate": 0.125
      },
      "speculative_decoding_metrics": {
        "total_time": 26.668164491653442,
        "output_tokens": 35,
        "cloud_calls": 1,
        "total_draft_tokens": 35,
        "total_accepted_tokens": 35,
        "total_corrections": 1,
        "acceptance_rate": 1.0,
        "correction_rate": 1.0,
        "cloud_call_rate": 0.125
      },
      "speculative_decoding_config": {
        "entropy_threshold": 4.0,
        "k": 5
      },
      "hardware_config": {
        "edge_device": "cpu",
        "cloud_device": "cuda",
        "max_cpu_cores": 2,
        "max_memory_gb": 16.0,
        "edge_model_dtype": "float32",
        "cloud_model_dtype": "float16"
      },
      "bertscore_precision": 0.24638435244560242,
      "bertscore_recall": 0.060968998819589615,
      "bertscore_f1": 0.14826498925685883
    }
  ]
}