{
  "experiment_config": {
    "dataset_type": "unified",
    "dataset_path": "data/processed/mer2024/manifest_audio_only_final.json",
    "caption_type": "audio_only",
    "language": "chinese",
    "prompt_type": "detailed",
    "max_samples": 2,
    "total_samples": 2,
    "speculative_decoding_config": {
      "entropy_threshold": 4.0,
      "k": 5
    },
    "hardware_config": {
      "edge_device": "cpu",
      "cloud_device": "cuda",
      "max_cpu_cores": 2,
      "max_memory_gb": 16.0,
      "edge_model_dtype": "float32",
      "cloud_model_dtype": "float16"
    }
  },
  "metrics": {
    "corpus_bleu_zh": 0.021448411188234946,
    "avg_bleu_sentence": 0.020904557015608154,
    "avg_cider": 0.5015907049421748,
    "avg_bertscore_precision": 0.17937953770160675,
    "avg_bertscore_recall": 0.10127145051956177,
    "avg_bertscore_f1": 0.1397198811173439,
    "latency_metrics": {
      "ttft_mean": 11.03512442111969,
      "ttft_min": 10.575371265411377,
      "ttft_max": 11.494877576828003,
      "itps_mean": 4872.699226054395,
      "itps_min": 4152.764848016105,
      "itps_max": 5592.633604092684,
      "otps_mean": 0.7240479887533771,
      "otps_min": 0.6180760061177858,
      "otps_max": 0.8300199713889682,
      "oet_mean": 85.11186754703522,
      "oet_min": 65.05867552757263,
      "oet_max": 105.1650595664978,
      "total_time_mean": 85.19068384170532,
      "total_time_min": 65.12901043891907,
      "total_time_max": 105.25235724449158,
      "cpu_percent_mean": 196.0230868328481,
      "cpu_percent_min": 193.30512428298127,
      "cpu_percent_max": 198.74104938271492,
      "ram_gb_mean": 21.778629642627767,
      "ram_gb_min": 21.65442017797758,
      "ram_gb_max": 21.902839107277952,
      "gpu_util_mean": 27.5,
      "gpu_util_min": 27.0,
      "gpu_util_max": 28.0,
      "gpu_memory_gb_mean": 22.820556640625,
      "gpu_memory_gb_min": 22.637939453125,
      "gpu_memory_gb_max": 23.003173828125,
      "avg_input_tokens": 376.5,
      "avg_output_tokens": 59.5,
      "total_input_tokens": 753,
      "total_output_tokens": 119
    },
    "speculative_decoding_metrics": {
      "total_time_mean": 85.19068384170532,
      "avg_cloud_calls": 11.0,
      "avg_acceptance_rate": 0.6071428571428571,
      "avg_correction_rate": 1.0,
      "avg_cloud_call_rate": 11.0,
      "total_samples": 2
    }
  },
  "detailed_results": [
    {
      "file_id": "sample_00000000",
      "dataset": "mer2024",
      "reference_caption": "在音频中，角色在一开始时音调上挑，表达出不满与不耐。之后边笑边说，表达出高兴中带着一份调侃。；这句话可能是男性医生对某个问题的回答或者解释。根据音频线索中角色的语调变化，从不满与不耐到高兴中带着一份调侃，我们可以推断这句话可能带有一种幽默或者自嘲的语气。男性医生通过开玩笑和调侃的方式缓解了紧张的话题，表现出一种轻松和愉快的情绪。",
      "generated_text": "说话人的声音有些颤抖，音调略显低沉，停顿较多，语速缓慢，音色中带着一丝紧张，似乎在犹豫着什么的不确定和可能在什么什么地方的地方和地方的地方的语气，可能的不确定和可能的不确定和可能的不确定的不确定的不确定的不确定。",
      "bleu_score": 0.03256184610587558,
      "cider_score": 0.5001608285930492,
      "caption_type": "audio_only",
      "language": "chinese",
      "prompt_type": "detailed",
      "latency_metrics": {
        "ttft": 10.575371265411377,
        "itps": 4152.764848016105,
        "otps": 0.6180760061177858,
        "oet": 105.1650595664978,
        "total_time": 105.25235724449158,
        "input_tokens": 361,
        "output_tokens": 65,
        "cpu_percent": 193.30512428298127,
        "cpu_avg": 193.30512428298127,
        "cpu_max": 219.7,
        "ram_gb": 21.65442017797758,
        "memory_avg_gb": 21.65442017797758,
        "memory_max_gb": 21.88778305053711,
        "gpu_util": 27,
        "gpu_memory_gb": 22.637939453125,
        "cloud_calls": 18,
        "total_draft_tokens": 133,
        "total_accepted_tokens": 65,
        "total_corrections": 18,
        "acceptance_rate": 0.48872180451127817,
        "correction_rate": 1.0,
        "prefill_time": 8.441203355789185,
        "cloud_call_rate": 0.6666666666666666
      },
      "speculative_decoding_metrics": {
        "total_time": 105.25235724449158,
        "output_tokens": 65,
        "cloud_calls": 18,
        "total_draft_tokens": 133,
        "total_accepted_tokens": 65,
        "total_corrections": 18,
        "acceptance_rate": 0.48872180451127817,
        "correction_rate": 1.0,
        "cloud_call_rate": 0.6666666666666666
      },
      "speculative_decoding_config": {
        "entropy_threshold": 4.0,
        "k": 5
      },
      "hardware_config": {
        "edge_device": "cpu",
        "cloud_device": "cuda",
        "max_cpu_cores": 2,
        "max_memory_gb": 16.0,
        "edge_model_dtype": "float32",
        "cloud_model_dtype": "float16"
      },
      "bertscore_precision": 0.14004354178905487,
      "bertscore_recall": 0.10773532092571259,
      "bertscore_f1": 0.1246057003736496
    },
    {
      "file_id": "sample_00000007",
      "dataset": "mer2024",
      "reference_caption": "在音频中，角色声音洪亮，语气语调较为平稳，语音中带着一丝笑意，表明角色的情绪较为愉悦。；这句话可能是女士在电话中与对方约定见面的一种表达。根据音频线索中角色愉悦的语气和笑意，我们可以推断这句话是女士对对方的积极回应，并表示她愿意与对方见面。女士的笑容和点头动作也进一步支持了这一推断。因此，这句话表达了女士的高兴和期待情绪。",
      "generated_text": "说话人以缓慢的语速，柔和音调，低沉音量强弱，停顿与连贯度，连贯度音色音色，紧张度紧张度，表达出可能是因为他即将表达一种期待的情感，出出了。",
      "bleu_score": 0.009247267925340731,
      "cider_score": 0.5030205812913006,
      "caption_type": "audio_only",
      "language": "chinese",
      "prompt_type": "detailed",
      "latency_metrics": {
        "ttft": 11.494877576828003,
        "itps": 5592.633604092684,
        "otps": 0.8300199713889682,
        "oet": 65.05867552757263,
        "total_time": 65.12901043891907,
        "input_tokens": 392,
        "output_tokens": 54,
        "cpu_percent": 198.74104938271492,
        "cpu_avg": 198.74104938271492,
        "cpu_max": 209.7,
        "ram_gb": 21.902839107277952,
        "memory_avg_gb": 21.902839107277952,
        "memory_max_gb": 22.121437072753906,
        "gpu_util": 28,
        "gpu_memory_gb": 23.003173828125,
        "cloud_calls": 4,
        "total_draft_tokens": 63,
        "total_accepted_tokens": 54,
        "total_corrections": 4,
        "acceptance_rate": 0.8571428571428571,
        "correction_rate": 1.0,
        "prefill_time": 9.295364379882812,
        "cloud_call_rate": 0.3076923076923077
      },
      "speculative_decoding_metrics": {
        "total_time": 65.12901043891907,
        "output_tokens": 54,
        "cloud_calls": 4,
        "total_draft_tokens": 63,
        "total_accepted_tokens": 54,
        "total_corrections": 4,
        "acceptance_rate": 0.8571428571428571,
        "correction_rate": 1.0,
        "cloud_call_rate": 0.3076923076923077
      },
      "speculative_decoding_config": {
        "entropy_threshold": 4.0,
        "k": 5
      },
      "hardware_config": {
        "edge_device": "cpu",
        "cloud_device": "cuda",
        "max_cpu_cores": 2,
        "max_memory_gb": 16.0,
        "edge_model_dtype": "float32",
        "cloud_model_dtype": "float16"
      },
      "bertscore_precision": 0.21871553361415863,
      "bertscore_recall": 0.09480758011341095,
      "bertscore_f1": 0.1548340618610382
    }
  ]
}