{
  "experiment_config": {
    "dataset_type": "unified",
    "dataset_path": "data/processed/secap/manifest.json",
    "caption_type": "audio_only",
    "language": "chinese",
    "prompt_type": "default",
    "max_samples": 3,
    "total_samples": 3,
    "speculative_decoding_config": {
      "entropy_threshold": 1.45,
      "prob_threshold": 0.24,
      "k": 5
    }
  },
  "metrics": {
    "avg_bleu": 0.04359370314292522,
    "avg_cider": 0.30414633046418477,
    "latency_metrics": {
      "ttft_mean": 0.0,
      "ttft_min": 0.0,
      "ttft_max": 0.0,
      "itps_mean": 0.0,
      "itps_min": 0.0,
      "itps_max": 0.0,
      "otps_mean": 5.62471662095918,
      "otps_min": 5.330344964224845,
      "otps_max": 6.1474665261856645,
      "oet_mean": 1.4373025099436443,
      "oet_min": 1.1386804580688477,
      "oet_max": 1.8760511875152588,
      "total_time_mean": 1.4373025099436443,
      "total_time_min": 1.1386804580688477,
      "total_time_max": 1.8760511875152588,
      "cpu_percent_mean": 0.47333333333333333,
      "cpu_percent_min": 0.31000000000000005,
      "cpu_percent_max": 0.58,
      "ram_gb_mean": 8.11245091756185,
      "ram_gb_min": 8.086475372314453,
      "ram_gb_max": 8.129352569580078,
      "gpu_util_mean": 46.333333333333336,
      "gpu_util_min": 41.0,
      "gpu_util_max": 49.0,
      "gpu_memory_gb_mean": 33.654215494791664,
      "gpu_memory_gb_min": 33.565673828125,
      "gpu_memory_gb_max": 33.831298828125,
      "avg_input_tokens": 400.3333333333333,
      "avg_output_tokens": 8.0,
      "total_input_tokens": 1201,
      "total_output_tokens": 24
    },
    "speculative_decoding_metrics": {
      "total_time_mean": 1.4373025099436443,
      "avg_cloud_calls": 0.3333333333333333,
      "avg_acceptance_rate": 0.8787878787878788,
      "avg_correction_rate": 0.3333333333333333,
      "avg_cloud_call_rate": 0.1111111111111111,
      "total_samples": 3
    }
  },
  "detailed_results": [
    {
      "file_id": "tx_emotion_00201000015",
      "dataset": "secap",
      "reference_caption": "悲伤逆流成河",
      "generated_text": "悲伤, 声音低沉。",
      "bleu_score": 0.050712153369465586,
      "cider_score": 0.2721655269759087,
      "caption_type": "audio_only",
      "language": "chinese",
      "prompt_type": "default",
      "latency_metrics": {
        "ttft": 0.0,
        "itps": 0.0,
        "otps": 5.330344964224845,
        "oet": 1.8760511875152588,
        "total_time": 1.8760511875152588,
        "input_tokens": 409,
        "output_tokens": 10,
        "cpu_percent": 0.31000000000000005,
        "ram_gb": 8.086475372314453,
        "gpu_util": 41,
        "gpu_memory_gb": 33.565673828125,
        "cloud_calls": 0,
        "total_draft_tokens": 10,
        "total_accepted_tokens": 10,
        "total_corrections": 0,
        "acceptance_rate": 1.0,
        "correction_rate": 0,
        "cloud_call_rate": 0.0
      },
      "speculative_decoding_metrics": {
        "total_time": 1.8760511875152588,
        "output_tokens": 10,
        "cloud_calls": 0,
        "total_draft_tokens": 10,
        "total_accepted_tokens": 10,
        "total_corrections": 0,
        "acceptance_rate": 1.0,
        "correction_rate": 0,
        "cloud_call_rate": 0.0
      },
      "speculative_decoding_config": {
        "entropy_threshold": 1.45,
        "prob_threshold": 0.24,
        "k": 5
      }
    },
    {
      "file_id": "tx_emotion_00201000107",
      "dataset": "secap",
      "reference_caption": "伤心难过，声音颤抖，情绪激动失望",
      "generated_text": "悲伤，声音低沉。",
      "bleu_score": 0.05434388648448332,
      "cider_score": 0.4166666666666667,
      "caption_type": "audio_only",
      "language": "chinese",
      "prompt_type": "default",
      "latency_metrics": {
        "ttft": 0.0,
        "itps": 0.0,
        "otps": 6.1474665261856645,
        "oet": 1.1386804580688477,
        "total_time": 1.1386804580688477,
        "input_tokens": 347,
        "output_tokens": 7,
        "cpu_percent": 0.53,
        "ram_gb": 8.121524810791016,
        "gpu_util": 49,
        "gpu_memory_gb": 33.565673828125,
        "cloud_calls": 1,
        "total_draft_tokens": 11,
        "total_accepted_tokens": 7,
        "total_corrections": 1,
        "acceptance_rate": 0.6363636363636364,
        "correction_rate": 1.0,
        "cloud_call_rate": 0.3333333333333333
      },
      "speculative_decoding_metrics": {
        "total_time": 1.1386804580688477,
        "output_tokens": 7,
        "cloud_calls": 1,
        "total_draft_tokens": 11,
        "total_accepted_tokens": 7,
        "total_corrections": 1,
        "acceptance_rate": 0.6363636363636364,
        "correction_rate": 1.0,
        "cloud_call_rate": 0.3333333333333333
      },
      "speculative_decoding_config": {
        "entropy_threshold": 1.45,
        "prob_threshold": 0.24,
        "k": 5
      }
    },
    {
      "file_id": "tx_emotion_00201000148",
      "dataset": "secap",
      "reference_caption": "伤心难过，又无能为力",
      "generated_text": "悲伤，声音低沉。",
      "bleu_score": 0.025725069574826766,
      "cider_score": 0.22360679774997896,
      "caption_type": "audio_only",
      "language": "chinese",
      "prompt_type": "default",
      "latency_metrics": {
        "ttft": 0.0,
        "itps": 0.0,
        "otps": 5.3963383724670315,
        "oet": 1.2971758842468262,
        "total_time": 1.2971758842468262,
        "input_tokens": 445,
        "output_tokens": 7,
        "cpu_percent": 0.58,
        "ram_gb": 8.129352569580078,
        "gpu_util": 49,
        "gpu_memory_gb": 33.831298828125,
        "cloud_calls": 0,
        "total_draft_tokens": 7,
        "total_accepted_tokens": 7,
        "total_corrections": 0,
        "acceptance_rate": 1.0,
        "correction_rate": 0,
        "cloud_call_rate": 0.0
      },
      "speculative_decoding_metrics": {
        "total_time": 1.2971758842468262,
        "output_tokens": 7,
        "cloud_calls": 0,
        "total_draft_tokens": 7,
        "total_accepted_tokens": 7,
        "total_corrections": 0,
        "acceptance_rate": 1.0,
        "correction_rate": 0,
        "cloud_call_rate": 0.0
      },
      "speculative_decoding_config": {
        "entropy_threshold": 1.45,
        "prob_threshold": 0.24,
        "k": 5
      }
    }
  ]
}