{
  "experiment_config": {
    "dataset_type": "unified",
    "dataset_path": "data/processed/mer2024/manifest_audio_only_final.json",
    "caption_type": "audio_only",
    "language": "chinese",
    "prompt_type": "detailed",
    "max_samples": 2,
    "total_samples": 2,
    "speculative_decoding_config": {
      "entropy_threshold": 4.0,
      "k": 5
    },
    "hardware_config": {
      "edge_device": "cpu",
      "cloud_device": "cuda",
      "max_cpu_cores": 2,
      "max_memory_gb": 16.0,
      "edge_model_dtype": "float32",
      "cloud_model_dtype": "float16"
    }
  },
  "metrics": {
    "corpus_bleu_zh": 0.020736778931546372,
    "avg_bleu_sentence": 0.020303021336887137,
    "avg_cider": 0.42581237906822034,
    "avg_bertscore_precision": 0.23922943323850632,
    "avg_bertscore_recall": 0.1188657246530056,
    "avg_bertscore_f1": 0.17710691690444946,
    "latency_metrics": {
      "ttft_mean": 11.105936408042908,
      "ttft_min": 11.022084951400757,
      "ttft_max": 11.189787864685059,
      "itps_mean": 5016.356790160336,
      "itps_min": 4297.113329152039,
      "itps_max": 5735.600251168632,
      "otps_mean": 0.48349404779509453,
      "otps_min": 0.47193426429774565,
      "otps_max": 0.4950538312924434,
      "oet_mean": 114.97876822948456,
      "oet_min": 107.05906438827515,
      "oet_max": 122.89847207069397,
      "total_time_mean": 115.05530965328217,
      "total_time_min": 107.12777543067932,
      "total_time_max": 122.98284387588501,
      "cpu_percent_mean": 196.7881308131397,
      "cpu_percent_min": 196.38695581014568,
      "cpu_percent_max": 197.18930581613373,
      "ram_gb_mean": 21.54762951661801,
      "ram_gb_min": 21.470492373901966,
      "ram_gb_max": 21.62476665933405,
      "gpu_util_mean": 27.5,
      "gpu_util_min": 27.0,
      "gpu_util_max": 28.0,
      "gpu_memory_gb_mean": 23.510009765625,
      "gpu_memory_gb_min": 23.321533203125,
      "gpu_memory_gb_max": 23.698486328125,
      "avg_input_tokens": 376.5,
      "avg_output_tokens": 55.5,
      "total_input_tokens": 753,
      "total_output_tokens": 111
    },
    "speculative_decoding_metrics": {
      "total_time_mean": 115.05530965328217,
      "avg_cloud_calls": 40.0,
      "avg_acceptance_rate": 0.2733990147783251,
      "avg_correction_rate": 1.0,
      "avg_cloud_call_rate": 40.0,
      "total_samples": 2
    }
  },
  "detailed_results": [
    {
      "file_id": "sample_00000000",
      "dataset": "mer2024",
      "reference_caption": "在音频中，角色在一开始时音调上挑，表达出不满与不耐。之后边笑边说，表达出高兴中带着一份调侃。；这句话可能是男性医生对某个问题的回答或者解释。根据音频线索中角色的语调变化，从不满与不耐到高兴中带着一份调侃，我们可以推断这句话可能带有一种幽默或者自嘲的语气。男性医生通过开玩笑和调侃的方式缓解了紧张的话题，表现出一种轻松和愉快的情绪。",
      "generated_text": "我哪知道，我也没有这方面的经验啊？说话人语速缓慢，停顿较多，音量较轻，音色紧张，大概是因为他很害怕，所以显得有些结，似乎在犹豫，可能是担心自己无法胜任这个任务，所以显得有些紧张。",
      "bleu_score": 0.009056585814629578,
      "cider_score": 0.3844000601725875,
      "caption_type": "audio_only",
      "language": "chinese",
      "prompt_type": "detailed",
      "latency_metrics": {
        "ttft": 11.022084951400757,
        "itps": 4297.113329152039,
        "otps": 0.47193426429774565,
        "oet": 122.89847207069397,
        "total_time": 122.98284387588501,
        "input_tokens": 361,
        "output_tokens": 58,
        "cpu_percent": 196.38695581014568,
        "cpu_avg": 196.38695581014568,
        "cpu_max": 219.7,
        "ram_gb": 21.470492373901966,
        "memory_avg_gb": 21.470492373901966,
        "memory_max_gb": 21.63628387451172,
        "gpu_util": 27,
        "gpu_memory_gb": 23.321533203125,
        "cloud_calls": 43,
        "total_draft_tokens": 215,
        "total_accepted_tokens": 58,
        "total_corrections": 43,
        "acceptance_rate": 0.26976744186046514,
        "correction_rate": 1.0,
        "prefill_time": 8.083425283432007,
        "cloud_call_rate": 0.9772727272727273
      },
      "speculative_decoding_metrics": {
        "total_time": 122.98284387588501,
        "output_tokens": 58,
        "cloud_calls": 43,
        "total_draft_tokens": 215,
        "total_accepted_tokens": 58,
        "total_corrections": 43,
        "acceptance_rate": 0.26976744186046514,
        "correction_rate": 1.0,
        "cloud_call_rate": 0.9772727272727273
      },
      "speculative_decoding_config": {
        "entropy_threshold": 4.0,
        "k": 5
      },
      "hardware_config": {
        "edge_device": "cpu",
        "cloud_device": "cuda",
        "max_cpu_cores": 2,
        "max_memory_gb": 16.0,
        "edge_model_dtype": "float32",
        "cloud_model_dtype": "float16"
      },
      "bertscore_precision": 0.1498609334230423,
      "bertscore_recall": 0.06809031218290329,
      "bertscore_f1": 0.10863633453845978
    },
    {
      "file_id": "sample_00000007",
      "dataset": "mer2024",
      "reference_caption": "在音频中，角色声音洪亮，语气语调较为平稳，语音中带着一丝笑意，表明角色的情绪较为愉悦。；这句话可能是女士在电话中与对方约定见面的一种表达。根据音频线索中角色愉悦的语气和笑意，我们可以推断这句话是女士对对方的积极回应，并表示她愿意与对方见面。女士的笑容和点头动作也进一步支持了这一推断。因此，这句话表达了女士的高兴和期待情绪。",
      "generated_text": "说话特别有点忙比较紧张，声音有点大，语速较快，停顿较少，音色比较清晰，大概是在和朋友约定见面，可能有点期待，似乎有点小激动，所以说话人的情绪是兴奋，大概是因为和朋友见面。",
      "bleu_score": 0.031549456859144696,
      "cider_score": 0.46722469796385324,
      "caption_type": "audio_only",
      "language": "chinese",
      "prompt_type": "detailed",
      "latency_metrics": {
        "ttft": 11.189787864685059,
        "itps": 5735.600251168632,
        "otps": 0.4950538312924434,
        "oet": 107.05906438827515,
        "total_time": 107.12777543067932,
        "input_tokens": 392,
        "output_tokens": 53,
        "cpu_percent": 197.18930581613373,
        "cpu_avg": 197.18930581613373,
        "cpu_max": 209.7,
        "ram_gb": 21.62476665933405,
        "memory_avg_gb": 21.62476665933405,
        "memory_max_gb": 21.844932556152344,
        "gpu_util": 28,
        "gpu_memory_gb": 23.698486328125,
        "cloud_calls": 37,
        "total_draft_tokens": 191,
        "total_accepted_tokens": 53,
        "total_corrections": 37,
        "acceptance_rate": 0.2774869109947644,
        "correction_rate": 1.0,
        "prefill_time": 9.051507949829102,
        "cloud_call_rate": 0.9487179487179487
      },
      "speculative_decoding_metrics": {
        "total_time": 107.12777543067932,
        "output_tokens": 53,
        "cloud_calls": 37,
        "total_draft_tokens": 191,
        "total_accepted_tokens": 53,
        "total_corrections": 37,
        "acceptance_rate": 0.2774869109947644,
        "correction_rate": 1.0,
        "cloud_call_rate": 0.9487179487179487
      },
      "speculative_decoding_config": {
        "entropy_threshold": 4.0,
        "k": 5
      },
      "hardware_config": {
        "edge_device": "cpu",
        "cloud_device": "cuda",
        "max_cpu_cores": 2,
        "max_memory_gb": 16.0,
        "edge_model_dtype": "float32",
        "cloud_model_dtype": "float16"
      },
      "bertscore_precision": 0.32859793305397034,
      "bertscore_recall": 0.1696411371231079,
      "bertscore_f1": 0.24557749927043915
    }
  ]
}