{
  "experiment_config": {
    "dataset_type": "unified",
    "dataset_path": "data/processed/mer2024/manifest_audio_only_final.json",
    "caption_type": "audio_only",
    "language": "chinese",
    "prompt_type": "detailed",
    "max_samples": 5,
    "total_samples": 5,
    "speculative_decoding_config": {
      "entropy_threshold": 4.0,
      "k": 5
    },
    "hardware_config": {
      "edge_device": "cpu",
      "cloud_device": "cuda",
      "max_cpu_cores": 2,
      "max_memory_gb": 16.0,
      "edge_model_dtype": "float32",
      "cloud_model_dtype": "float16"
    }
  },
  "metrics": {
    "corpus_bleu_zh": 0.022521347761059497,
    "avg_bleu_sentence": 0.019780787094524778,
    "avg_cider": 0.3568652369237224,
    "avg_bertscore_precision": 0.1316663309931755,
    "avg_bertscore_recall": 0.04784782640635967,
    "avg_bertscore_f1": 0.08884214051067829,
    "latency_metrics": {
      "ttft_mean": 10.218619585037231,
      "ttft_min": 8.83418893814087,
      "ttft_max": 10.940852880477905,
      "itps_mean": 5829.595524222679,
      "itps_min": 4809.431638863125,
      "itps_max": 6429.180837482182,
      "otps_mean": 0.6695997396555543,
      "otps_min": 0.4757913868376079,
      "otps_max": 0.98686950180599,
      "oet_mean": 100.05740685462952,
      "oet_min": 64.85153293609619,
      "oet_max": 123.19828915596008,
      "total_time_mean": 100.11983380317687,
      "total_time_min": 64.90973687171936,
      "total_time_max": 123.2737078666687,
      "cpu_percent_mean": 197.19482788121067,
      "cpu_percent_min": 196.45143953934786,
      "cpu_percent_max": 197.8120743034049,
      "ram_gb_mean": 23.814347125847092,
      "ram_gb_min": 23.72515094396734,
      "ram_gb_max": 23.841758903789845,
      "gpu_util_mean": 26.4,
      "gpu_util_min": 22.0,
      "gpu_util_max": 29.0,
      "gpu_memory_gb_mean": 23.830908203125,
      "gpu_memory_gb_min": 23.321533203125,
      "gpu_memory_gb_max": 23.958251953125,
      "avg_input_tokens": 359.2,
      "avg_output_tokens": 63.4,
      "total_input_tokens": 1796,
      "total_output_tokens": 317
    },
    "speculative_decoding_metrics": {
      "total_time_mean": 100.11983380317687,
      "avg_cloud_calls": 34.6,
      "avg_acceptance_rate": 0.3475877192982456,
      "avg_correction_rate": 0.9942196531791907,
      "avg_cloud_call_rate": 34.6,
      "total_samples": 5
    }
  },
  "detailed_results": [
    {
      "file_id": "sample_00000000",
      "dataset": "mer2024",
      "reference_caption": "在音频中，角色在一开始时音调上挑，表达出不满与不耐。之后边笑边说，表达出高兴中带着一份调侃。；这句话可能是男性医生对某个问题的回答或者解释。根据音频线索中角色的语调变化，从不满与不耐到高兴中带着一份调侃，我们可以推断这句话可能带有一种幽默或者自嘲的语气。男性医生通过开玩笑和调侃的方式缓解了紧张的话题，表现出一种轻松和愉快的情绪。",
      "generated_text": "我哪知道，我也没有这方面的经验啊，我只能大概地说说我的想法，可能听起来有点紧张，因为这个问题对我来说确实有点陌生，我得停顿一下，思考一下，才能试着回答，不过我尽力了，希望你能能理解，毕竟我也不是这事儿，事儿。”儿，事儿呢，事儿",
      "bleu_score": 0.012204165186794824,
      "cider_score": 0.4034229828850856,
      "caption_type": "audio_only",
      "language": "chinese",
      "prompt_type": "detailed",
      "latency_metrics": {
        "ttft": 10.472431898117065,
        "itps": 4809.431638863125,
        "otps": 0.5519557168031525,
        "oet": 123.19828915596008,
        "total_time": 123.2737078666687,
        "input_tokens": 361,
        "output_tokens": 68,
        "cpu_percent": 197.50358306188758,
        "cpu_avg": 197.50358306188758,
        "cpu_max": 209.9,
        "ram_gb": 23.72515094396734,
        "memory_avg_gb": 23.72515094396734,
        "memory_max_gb": 23.757591247558594,
        "gpu_util": 27,
        "gpu_memory_gb": 23.321533203125,
        "cloud_calls": 44,
        "total_draft_tokens": 230,
        "total_accepted_tokens": 68,
        "total_corrections": 44,
        "acceptance_rate": 0.2956521739130435,
        "correction_rate": 1.0,
        "prefill_time": 8.154923439025879,
        "cloud_call_rate": 0.9361702127659575
      },
      "speculative_decoding_metrics": {
        "total_time": 123.2737078666687,
        "output_tokens": 68,
        "cloud_calls": 44,
        "total_draft_tokens": 230,
        "total_accepted_tokens": 68,
        "total_corrections": 44,
        "acceptance_rate": 0.2956521739130435,
        "correction_rate": 1.0,
        "cloud_call_rate": 0.9361702127659575
      },
      "speculative_decoding_config": {
        "entropy_threshold": 4.0,
        "k": 5
      },
      "hardware_config": {
        "edge_device": "cpu",
        "cloud_device": "cuda",
        "max_cpu_cores": 2,
        "max_memory_gb": 16.0,
        "edge_model_dtype": "float32",
        "cloud_model_dtype": "float16"
      },
      "bertscore_precision": 0.06835872679948807,
      "bertscore_recall": 0.03403085097670555,
      "bertscore_f1": 0.051948826760053635
    },
    {
      "file_id": "sample_00000007",
      "dataset": "mer2024",
      "reference_caption": "在音频中，角色声音洪亮，语气语调较为平稳，语音中带着一丝笑意，表明角色的情绪较为愉悦。；这句话可能是女士在电话中与对方约定见面的一种表达。根据音频线索中角色愉悦的语气和笑意，我们可以推断这句话是女士对对方的积极回应，并表示她愿意与对方见面。女士的笑容和点头动作也进一步支持了这一推断。因此，这句话表达了女士的高兴和期待情绪。",
      "generated_text": "说话特别有点忙比较紧张，声音有点大，语速较快，音调起伏较大，停顿较少，连贯，音色比较急，可能是因为有急事，大概会很快到，可能/可能是，可能/可能是，可能/可能是，可能/可能是，可能/可能是，可能/",
      "bleu_score": 0.009591376779616008,
      "cider_score": 0.34315240616928294,
      "caption_type": "audio_only",
      "language": "chinese",
      "prompt_type": "detailed",
      "latency_metrics": {
        "ttft": 10.940852880477905,
        "itps": 6211.318894618537,
        "otps": 0.620315618083886,
        "oet": 104.78536748886108,
        "total_time": 104.84876847267151,
        "input_tokens": 392,
        "output_tokens": 65,
        "cpu_percent": 196.45143953934786,
        "cpu_avg": 196.45143953934786,
        "cpu_max": 209.7,
        "ram_gb": 23.82744445361469,
        "memory_avg_gb": 23.82744445361469,
        "memory_max_gb": 24.04788589477539,
        "gpu_util": 29,
        "gpu_memory_gb": 23.958251953125,
        "cloud_calls": 35,
        "total_draft_tokens": 180,
        "total_accepted_tokens": 65,
        "total_corrections": 35,
        "acceptance_rate": 0.3611111111111111,
        "correction_rate": 1.0,
        "prefill_time": 8.950302839279175,
        "cloud_call_rate": 0.9459459459459459
      },
      "speculative_decoding_metrics": {
        "total_time": 104.84876847267151,
        "output_tokens": 65,
        "cloud_calls": 35,
        "total_draft_tokens": 180,
        "total_accepted_tokens": 65,
        "total_corrections": 35,
        "acceptance_rate": 0.3611111111111111,
        "correction_rate": 1.0,
        "cloud_call_rate": 0.9459459459459459
      },
      "speculative_decoding_config": {
        "entropy_threshold": 4.0,
        "k": 5
      },
      "hardware_config": {
        "edge_device": "cpu",
        "cloud_device": "cuda",
        "max_cpu_cores": 2,
        "max_memory_gb": 16.0,
        "edge_model_dtype": "float32",
        "cloud_model_dtype": "float16"
      },
      "bertscore_precision": 0.14395388960838318,
      "bertscore_recall": 0.03356943279504776,
      "bertscore_f1": 0.08736694604158401
    },
    {
      "file_id": "sample_00000021",
      "dataset": "mer2024",
      "reference_caption": "在音频中，角色在表达“你是真心愿意跟小川在一起？”的时候，在“你是真心”和“愿意跟小川在一起？”中有较长的停顿。这种停顿可能表明角色对对方的真实意图或者情感感受存在一些疑虑，也可能是因为对未来的不确定性或者对关系的担忧。；然而，根据音频线索中角色在表达这句话时的停顿，可以推测她可能对对方的真实意图或情感感受存在一些疑虑或担忧。这种停顿可能暗示着她对未来的不确定性或对关系的担忧，因此她在询问这个问题时可能带有一定的疑问或担心的情感状态。",
      "generated_text": "你是否真心想和小川在一起，说话人语速缓慢，音调平稳，音量适，停真，真，在，真想，真想，真想，真想，真想，真想，真想，真想，真想，真想，真想，真想",
      "bleu_score": 0.010376384871479799,
      "cider_score": 0.2717220809904578,
      "caption_type": "audio_only",
      "language": "chinese",
      "prompt_type": "detailed",
      "latency_metrics": {
        "ttft": 10.224112272262573,
        "itps": 6216.444239509914,
        "otps": 0.98686950180599,
        "oet": 64.85153293609619,
        "total_time": 64.90973687171936,
        "input_tokens": 360,
        "output_tokens": 64,
        "cpu_percent": 197.8120743034049,
        "cpu_avg": 197.8120743034049,
        "cpu_max": 209.7,