{
  "experiment_config": {
    "dataset_type": "unified",
    "dataset_path": "data/processed/mer2024/manifest_audio_text_augmented_v5.json",
    "caption_type": "audio_only",
    "language": "english",
    "prompt_type": "detailed",
    "max_samples": 2,
    "total_samples": 2,
    "speculative_decoding_config": {
      "entropy_threshold": 2.5,
      "k": 5
    },
    "hardware_config": {
      "edge_device": "cpu",
      "cloud_device": "cuda",
      "max_cpu_cores": 2,
      "max_memory_gb": 16.0,
      "edge_model_dtype": "float32",
      "cloud_model_dtype": "float16"
    }
  },
  "metrics": {
    "corpus_bleu_en": 0.007609031462383386,
    "avg_bleu_sentence": 0.20417155087815297,
    "avg_cider": 0.9671594097642867,
    "avg_bertscore_precision": 0.2718133106827736,
    "avg_bertscore_recall": 0.14453867077827454,
    "avg_bertscore_f1": 0.20851265266537666,
    "latency_metrics": {
      "ttft_mean": 7.7255539894104,
      "ttft_min": 7.236468076705933,
      "ttft_max": 8.214639902114868,
      "itps_mean": 2673.363911610557,
      "itps_min": 2153.649402663198,
      "itps_max": 3193.078420557916,
      "otps_mean": 2.094287396280497,
      "otps_min": 2.017166296613802,
      "otps_max": 2.1714084959471913,
      "oet_mean": 32.142244935035706,
      "oet_min": 29.744696855545044,
      "oet_max": 34.53979301452637,
      "total_time_mean": 32.2115513086319,
      "total_time_min": 29.821662425994873,
      "total_time_max": 34.60144019126892,
      "cpu_percent_mean": 191.95186046511648,
      "cpu_percent_min": 186.02000000000032,
      "cpu_percent_max": 197.88372093023264,
      "ram_gb_mean": 24.584053713164522,
      "ram_gb_min": 24.472049818367793,
      "ram_gb_max": 24.696057607961254,
      "gpu_util_mean": 19.0,
      "gpu_util_min": 19.0,
      "gpu_util_max": 19.0,
      "gpu_memory_gb_mean": 22.774658203125,
      "gpu_memory_gb_min": 22.598876953125,
      "gpu_memory_gb_max": 22.950439453125,
      "avg_input_tokens": 180.5,
      "avg_output_tokens": 67.5,
      "total_input_tokens": 361,
      "total_output_tokens": 135
    },
    "speculative_decoding_metrics": {
      "total_time_mean": 32.2115513086319,
      "avg_cloud_calls": 8.0,
      "avg_acceptance_rate": 1.0,
      "avg_correction_rate": 0.0,
      "avg_cloud_call_rate": 8.0,
      "total_samples": 2
    }
  },
  "detailed_results": [
    {
      "file_id": "sample_00000000",
      "dataset": "mer2024",
      "reference_caption": "In the audio, the character's tone is initially raised, expressing dissatisfaction and impatience. This may indicate that he is discussing a serious issue and already feeling a bit frustrated. This change suggests that the speaker has lightened the tense topic through jokes and banter. In the audio, the character's tone is initially raised, expressing dissatisfaction and impatience. Later, while laughing, the character speaks, conveying happiness with a hint of teasing. I, I, I don't have any experience in this area.\" This sentence could be the male doctor's response or explanation to a certain question. Audio, from dissatisfaction and impatience to happiness with a hint of teasing, we can infer that this sentence may have a humorous or self-deprecating tone. The male doctor lightens the tense topic through jokes and banter, displaying a relaxed and happy mood.",
      "generated_text": "The tone of the speech is somewhat hesitant and uncertain. The speed is relatively slow, which might indicate a lack of confidence or a pause for thought. The volume seems to be moderate, neither too loud nor too soft. Overall it gives off a feeling of uncertainty and lack of knowledge.",
      "bleu_score": 0.0684054579936374,
      "cider_score": 0.957258408132334,
      "caption_type": "audio_only",
      "language": "english",
      "prompt_type": "detailed",
      "latency_metrics": {
        "ttft": 8.214639902114868,
        "itps": 2153.649402663198,
        "otps": 2.017166296613802,
        "oet": 29.744696855545044,
        "total_time": 29.821662425994873,
        "input_tokens": 165,
        "output_tokens": 60,
        "cpu_percent": 186.02000000000032,
        "cpu_avg": 186.02000000000032,
        "cpu_max": 209.8,
        "ram_gb": 24.472049818367793,
        "memory_avg_gb": 24.472049818367793,
        "memory_max_gb": 24.56039810180664,
        "gpu_util": 19,
        "gpu_memory_gb": 22.598876953125,
        "cloud_calls": 7,
        "total_draft_tokens": 60,
        "total_accepted_tokens": 60,
        "total_corrections": 0,
        "acceptance_rate": 1.0,
        "correction_rate": 0.0,
        "prefill_time": 4.41862678527832,
        "cloud_call_rate": 0.5384615384615384
      },
      "speculative_decoding_metrics": {
        "total_time": 29.821662425994873,
        "output_tokens": 60,
        "cloud_calls": 7,
        "total_draft_tokens": 60,
        "total_accepted_tokens": 60,
        "total_corrections": 0,
        "acceptance_rate": 1.0,
        "correction_rate": 0.0,
        "cloud_call_rate": 0.5384615384615384
      },
      "speculative_decoding_config": {
        "entropy_threshold": 2.5,
        "k": 5
      },
      "hardware_config": {
        "edge_device": "cpu",
        "cloud_device": "cuda",
        "max_cpu_cores": 2,
        "max_memory_gb": 16.0,
        "edge_model_dtype": "float32",
        "cloud_model_dtype": "float16"
      },
      "bertscore_precision": 0.21085457503795624,
      "bertscore_recall": 0.0282590389251709,
      "bertscore_f1": 0.11933625489473343
    },
    {
      "file_id": "sample_00000007",
      "dataset": "mer2024",
      "reference_caption": "In the audio, the character's voice is loud, with a calm tone and a hint of laughter, indicating that the character is in a pleasant mood. In the audio, the character's voice is loud, with a calm tone and a hint of laughter, indicating that the character is in a pleasant mood. Audio, we can infer that this sentence is a positive response from the lady to the other person, indicating her willingness to meet. Therefore, this sentence expresses the lady's happiness and anticipation.",
      "generated_text": "The tone in the audio is very cheerful and upbeat. The speaker's voice is clear and has a high pitch, indicating a positive and excited emotion. The speed of speaking is relatively fast, which suggests enthusiasm and eagerness. The volume is loud and strong, showing confidence and a desire to be heard. Overall it gives off a very positive and energetic emotion.",
      "bleu_score": 0.33993764376266855,
      "cider_score": 0.9770604113962394,
      "caption_type": "audio_only",
      "language": "english",
      "prompt_type": "detailed",
      "latency_metrics": {
        "ttft": 7.236468076705933,
        "itps": 3193.078420557916,
        "otps": 2.1714084959471913,
        "oet": 34.53979301452637,
        "total_time": 34.60144019126892,
        "input_tokens": 196,
        "output_tokens": 75,
        "cpu_percent": 197.88372093023264,
        "cpu_avg": 197.88372093023264,
        "cpu_max": 219.6,
        "ram_gb": 24.696057607961254,
        "memory_avg_gb": 24.696057607961254,
        "memory_max_gb": 24.80624771118164,
        "gpu_util": 19,
        "gpu_memory_gb": 22.950439453125,
        "cloud_calls": 9,
        "total_draft_tokens": 75,
        "total_accepted_tokens": 75,
        "total_corrections": 0,
        "acceptance_rate": 1.0,
        "correction_rate": 0.0,
        "prefill_time": 5.275557041168213,
        "cloud_call_rate": 0.5625
      },
      "speculative_decoding_metrics": {
        "total_time": 34.60144019126892,
        "output_tokens": 75,
        "cloud_calls": 9,
        "total_draft_tokens": 75,
        "total_accepted_tokens": 75,
        "total_corrections": 0,
        "acceptance_rate": 1.0,
        "correction_rate": 0.0,
        "cloud_call_rate": 0.5625
      },
      "speculative_decoding_config": {
        "entropy_threshold": 2.5,
        "k": 5
      },