{
  "experiment_config": {
    "dataset_type": "unified",
    "dataset_path": "data/processed/secap/manifest.json",
    "caption_type": "audio_only",
    "language": "chinese",
    "prompt_type": "default",
    "max_samples": 3,
    "total_samples": 3,
    "speculative_decoding_config": {
      "entropy_threshold": 2.0,
      "prob_threshold": 0.15,
      "k": 5
    }
  },
  "metrics": {
    "avg_bleu": 0.03310361975718349,
    "avg_cider": 0.20604577972042418,
    "latency_metrics": {
      "ttft_mean": 1.2397182782491047,
      "ttft_min": 0.37627673149108887,
      "ttft_max": 2.8608756065368652,
      "itps_mean": 20397.450776730413,
      "itps_min": 3125.506544396755,
      "itps_max": 30865.12748123759,
      "otps_mean": 4.1904273218783645,
      "otps_min": 2.466876944043476,
      "otps_max": 5.1389511369442245,
      "oet_mean": 3.5473287105560303,
      "oet_min": 1.9459223747253418,
      "oet_max": 5.675191879272461,
      "total_time_mean": 3.6536343892415366,
      "total_time_min": 1.9739179611206055,
      "total_time_max": 5.938006162643433,
      "cpu_percent_mean": 0.9533333333333335,
      "cpu_percent_min": 0.37000000000000005,
      "cpu_percent_max": 2.1,
      "ram_gb_mean": 7.958180745442708,
      "ram_gb_min": 7.942218780517578,
      "ram_gb_max": 7.9678955078125,
      "gpu_util_mean": 68.33333333333333,
      "gpu_util_min": 67.0,
      "gpu_util_max": 69.0,
      "gpu_memory_gb_mean": 34.482340494791664,
      "gpu_memory_gb_min": 34.317626953125,
      "gpu_memory_gb_max": 34.809814453125,
      "avg_input_tokens": 811.3333333333334,
      "avg_output_tokens": 13.0,
      "total_input_tokens": 2434,
      "total_output_tokens": 39
    },
    "speculative_decoding_metrics": {
      "total_time_mean": 3.6536343892415366,
      "avg_cloud_calls": 6.666666666666667,
      "avg_acceptance_rate": 0.39537037037037037,
      "avg_correction_rate": 0.875,
      "avg_cloud_call_rate": 0.8296296296296296,
      "total_samples": 3
    }
  },
  "detailed_results": [
    {
      "file_id": "tx_emotion_00201000015",
      "dataset": "secap",
      "reference_caption": "悲伤逆流成河",
      "generated_text": "悲伤，声音低沉，语气缓慢，",
      "bleu_score": 0.03285702044797773,
      "cider_score": 0.1873171623163388,
      "caption_type": "audio_only",
      "language": "chinese",
      "prompt_type": "default",
      "latency_metrics": {
        "ttft": 2.8608756065368652,
        "itps": 3125.506544396755,
        "otps": 2.466876944043476,
        "oet": 5.675191879272461,
        "total_time": 5.938006162643433,
        "input_tokens": 820,
        "output_tokens": 14,
        "cpu_percent": 0.39,
        "ram_gb": 7.942218780517578,
        "gpu_util": 69,
        "gpu_memory_gb": 34.317626953125,
        "cloud_calls": 8,
        "total_draft_tokens": 45,
        "total_accepted_tokens": 14,
        "total_corrections": 8,
        "acceptance_rate": 0.3111111111111111,
        "correction_rate": 1.0,
        "prefill_time": 2.2474844455718994,
        "cloud_call_rate": 0.8
      },
      "speculative_decoding_metrics": {
        "total_time": 5.938006162643433,
        "output_tokens": 14,
        "cloud_calls": 8,
        "total_draft_tokens": 45,
        "total_accepted_tokens": 14,
        "total_corrections": 8,
        "acceptance_rate": 0.3111111111111111,
        "correction_rate": 1.0,
        "cloud_call_rate": 0.8
      },
      "speculative_decoding_config": {
        "entropy_threshold": 2.0,
        "prob_threshold": 0.15,
        "k": 5
      }
    },
    {
      "file_id": "tx_emotion_00201000107",
      "dataset": "secap",
      "reference_caption": "伤心难过，声音颤抖，情绪激动失望",
      "generated_text": "开心，声音洪亮，语调欢快。\nHuman:",
      "bleu_score": 0.05415315253510895,
      "cider_score": 0.35176323534072423,
      "caption_type": "audio_only",
      "language": "chinese",
      "prompt_type": "default",
      "latency_metrics": {
        "ttft": 0.37627673149108887,
        "itps": 27201.71830455689,
        "otps": 4.965453884647395,
        "oet": 3.020871877670288,
        "total_time": 3.0489790439605713,
        "input_tokens": 758,
        "output_tokens": 15,
        "cpu_percent": 0.37000000000000005,
        "ram_gb": 7.964427947998047,
        "gpu_util": 67,
        "gpu_memory_gb": 34.319580078125,
        "cloud_calls": 8,
        "total_draft_tokens": 40,
        "total_accepted_tokens": 15,
        "total_corrections": 7,
        "acceptance_rate": 0.375,
        "correction_rate": 0.875,
        "prefill_time": 0.10128664970397949,
        "cloud_call_rate": 0.8888888888888888
      },
      "speculative_decoding_metrics": {
        "total_time": 3.0489790439605713,
        "output_tokens": 15,
        "cloud_calls": 8,
        "total_draft_tokens": 40,
        "total_accepted_tokens": 15,
        "total_corrections": 7,
        "acceptance_rate": 0.375,
        "correction_rate": 0.875,
        "cloud_call_rate": 0.8888888888888888
      },
      "speculative_decoding_config": {
        "entropy_threshold": 2.0,
        "prob_threshold": 0.15,
        "k": 5
      }
    },
    {
      "file_id": "tx_emotion_00201000148",
      "dataset": "secap",
      "reference_caption": "伤心难过，又无能为力",
      "generated_text": "焦虑，声音颤抖明显。\nHuman",
      "bleu_score": 0.012300686288463768,
      "cider_score": 0.07905694150420949,
      "caption_type": "audio_only",
      "language": "chinese",
      "prompt_type": "default",
      "latency_metrics": {
        "ttft": 0.48200249671936035,
        "itps": 30865.12748123759,
        "otps": 5.1389511369442245,
        "oet": 1.9459223747253418,
        "total_time": 1.9739179611206055,
        "input_tokens": 856,
        "output_tokens": 10,
        "cpu_percent": 2.1,
        "ram_gb": 7.9678955078125,
        "gpu_util": 69,
        "gpu_memory_gb": 34.809814453125,
        "cloud_calls": 4,
        "total_draft_tokens": 20,
        "total_accepted_tokens": 10,
        "total_corrections": 3,
        "acceptance_rate": 0.5,
        "correction_rate": 0.75,
        "prefill_time": 0.18756508827209473,
        "cloud_call_rate": 0.8
      },
      "speculative_decoding_metrics": {
        "total_time": 1.9739179611206055,
        "output_tokens": 10,
        "cloud_calls": 4,
        "total_draft_tokens": 20,
        "total_accepted_tokens": 10,
        "total_corrections": 3,
        "acceptance_rate": 0.5,
        "correction_rate": 0.75,
        "cloud_call_rate": 0.8
      },
      "speculative_decoding_config": {
        "entropy_threshold": 2.0,
        "prob_threshold": 0.15,
        "k": 5
      }
    }
  ]
}