{
  "experiment_config": {
    "dataset_type": "unified",
    "dataset_path": "data/processed/mer2024/manifest_audio_only_final.json",
    "caption_type": "audio_only",
    "language": "chinese",
    "prompt_type": "detailed",
    "max_samples": 2,
    "total_samples": 2,
    "speculative_decoding_config": {
      "entropy_threshold": 1.5,
      "k": 5
    },
    "hardware_config": {
      "edge_device": "cpu",
      "cloud_device": "cuda",
      "max_cpu_cores": 2,
      "max_memory_gb": 16.0,
      "edge_model_dtype": "float32",
      "cloud_model_dtype": "float16"
    }
  },
  "metrics": {
    "corpus_bleu_zh": 0.011644732409910201,
    "avg_bleu_sentence": 0.02086828216752917,
    "avg_cider": 0.3383092474073827,
    "avg_bertscore_precision": 0.20898150652647018,
    "avg_bertscore_recall": 0.043769022449851036,
    "avg_bertscore_f1": 0.12187855504453182,
    "latency_metrics": {
      "ttft_mean": 11.56270694732666,
      "ttft_min": 10.86916708946228,
      "ttft_max": 12.25624680519104,
      "itps_mean": 4275.318205732308,
      "itps_min": 2128.6603000366927,
      "itps_max": 6421.9761114279245,
      "otps_mean": 0.5113870427096316,
      "otps_min": 0.4857992981525488,
      "otps_max": 0.5369747872667144,
      "oet_mean": 79.98438882827759,
      "oet_min": 44.694835901260376,
      "oet_max": 115.2739417552948,
      "total_time_mean": 80.10007631778717,
      "total_time_min": 44.86476683616638,
      "total_time_max": 115.33538579940796,
      "cpu_percent_mean": 194.09862929036535,
      "cpu_percent_min": 190.0826244343889,
      "cpu_percent_max": 198.1146341463418,
      "ram_gb_mean": 24.25847195059614,
      "ram_gb_min": 24.157420300790086,
      "ram_gb_max": 24.359523600402195,
      "gpu_util_mean": 25.5,
      "gpu_util_min": 23.0,
      "gpu_util_max": 28.0,
      "gpu_memory_gb_mean": 22.996337890625,
      "gpu_memory_gb_min": 22.514892578125,
      "gpu_memory_gb_max": 23.477783203125,
      "avg_input_tokens": 376.5,
      "avg_output_tokens": 40.0,
      "total_input_tokens": 753,
      "total_output_tokens": 80
    },
    "speculative_decoding_metrics": {
      "total_time_mean": 80.10007631778717,
      "avg_cloud_calls": 18.5,
      "avg_acceptance_rate": 0.3902439024390244,
      "avg_correction_rate": 0.972972972972973,
      "avg_cloud_call_rate": 18.5,
      "total_samples": 2
    }
  },
  "detailed_results": [
    {
      "file_id": "sample_00000000",
      "dataset": "mer2024",
      "reference_caption": "在音频中，角色在一开始时音调上挑，表达出不满与不耐。之后边笑边说，表达出高兴中带着一份调侃。；这句话可能是男性医生对某个问题的回答或者解释。根据音频线索中角色的语调变化，从不满与不耐到高兴中带着一份调侃，我们可以推断这句话可能带有一种幽默或者自嘲的语气。男性医生通过开玩笑和调侃的方式缓解了紧张的话题，表现出一种轻松和愉快的情绪。",
      "generated_text": "说话人语速较快，音调时高时低，音音音音音音音音音音音",
      "bleu_score": 0.00011462440336605767,
      "cider_score": 0.24863416934224555,
      "caption_type": "audio_only",
      "language": "chinese",
      "prompt_type": "detailed",
      "latency_metrics": {
        "ttft": 12.25624680519104,
        "itps": 2128.6603000366927,
        "otps": 0.5369747872667144,
        "oet": 44.694835901260376,
        "total_time": 44.86476683616638,
        "input_tokens": 361,
        "output_tokens": 24,
        "cpu_percent": 190.0826244343889,
        "cpu_avg": 190.0826244343889,
        "cpu_max": 209.7,
        "ram_gb": 24.157420300790086,
        "memory_avg_gb": 24.157420300790086,
        "memory_max_gb": 24.241832733154297,
        "gpu_util": 23,
        "gpu_memory_gb": 22.514892578125,
        "cloud_calls": 8,
        "total_draft_tokens": 50,
        "total_accepted_tokens": 24,
        "total_corrections": 7,
        "acceptance_rate": 0.48,
        "correction_rate": 0.875,
        "prefill_time": 8.066527128219604,
        "cloud_call_rate": 0.7272727272727273
      },
      "speculative_decoding_metrics": {
        "total_time": 44.86476683616638,
        "output_tokens": 24,
        "cloud_calls": 8,
        "total_draft_tokens": 50,
        "total_accepted_tokens": 24,
        "total_corrections": 7,
        "acceptance_rate": 0.48,
        "correction_rate": 0.875,
        "cloud_call_rate": 0.7272727272727273
      },
      "speculative_decoding_config": {
        "entropy_threshold": 1.5,
        "k": 5
      },
      "hardware_config": {
        "edge_device": "cpu",
        "cloud_device": "cuda",
        "max_cpu_cores": 2,
        "max_memory_gb": 16.0,
        "edge_model_dtype": "float32",
        "cloud_model_dtype": "float16"
      },
      "bertscore_precision": 0.14659972488880157,
      "bertscore_recall": -0.04952414706349373,
      "bertscore_f1": 0.04190089926123619
    },
    {
      "file_id": "sample_00000007",
      "dataset": "mer2024",
      "reference_caption": "在音频中，角色声音洪亮，语气语调较为平稳，语音中带着一丝笑意，表明角色的情绪较为愉悦。；这句话可能是女士在电话中与对方约定见面的一种表达。根据音频线索中角色愉悦的语气和笑意，我们可以推断这句话是女士对对方的积极回应，并表示她愿意与对方见面。女士的笑容和点头动作也进一步支持了这一推断。因此，这句话表达了女士的高兴和期待情绪。",
      "generated_text": "说话人用轻柔的音量，缓慢的语速，语调平稳，音色柔和，语气中带着一丝期待，似乎在表达一种温馨的期待，可能是因为有重要的事情要商量，所以才才才才才才才才才才才",
      "bleu_score": 0.04162193993169228,
      "cider_score": 0.4279843254725199,
      "caption_type": "audio_only",
      "language": "chinese",
      "prompt_type": "detailed",
      "latency_metrics": {
        "ttft": 10.86916708946228,
        "itps": 6421.9761114279245,
        "otps": 0.4857992981525488,
        "oet": 115.2739417552948,
        "total_time": 115.33538579940796,
        "input_tokens": 392,
        "output_tokens": 56,
        "cpu_percent": 198.1146341463418,
        "cpu_avg": 198.1146341463418,
        "cpu_max": 209.8,
        "ram_gb": 24.359523600402195,
        "memory_avg_gb": 24.359523600402195,
        "memory_max_gb": 24.561031341552734,
        "gpu_util": 28,
        "gpu_memory_gb": 23.477783203125,
        "cloud_calls": 29,
        "total_draft_tokens": 155,
        "total_accepted_tokens": 56,
        "total_corrections": 29,
        "acceptance_rate": 0.36129032258064514,
        "correction_rate": 1.0,
        "prefill_time": 8.8576340675354,
        "cloud_call_rate": 0.90625
      },
      "speculative_decoding_metrics": {
        "total_time": 115.33538579940796,
        "output_tokens": 56,
        "cloud_calls": 29,
        "total_draft_tokens": 155,
        "total_accepted_tokens": 56,
        "total_corrections": 29,
        "acceptance_rate": 0.36129032258064514,
        "correction_rate": 1.0,
        "cloud_call_rate": 0.90625
      },
      "speculative_decoding_config": {
        "entropy_threshold": 1.5,
        "k": 5
      },
      "hardware_config": {
        "edge_device": "cpu",
        "cloud_device": "cuda",
        "max_cpu_cores": 2,
        "max_memory_gb": 16.0,
        "edge_model_dtype": "float32",
        "cloud_model_dtype": "float16"
      },
      "bertscore_precision": 0.2713632881641388,
      "bertscore_recall": 0.1370621919631958,
      "bertscore_f1": 0.20185621082782745
    }
  ]
}