{
  "experiment_config": {
    "dataset_type": "unified",
    "dataset_path": "data/processed/mer2024/manifest_audio_text_augmented_v5.json",
    "caption_type": "audio_only",
    "language": "english",
    "prompt_type": "detailed",
    "max_samples": 5,
    "total_samples": 5,
    "speculative_decoding_config": {
      "entropy_threshold": 3.5,
      "k": 5
    },
    "hardware_config": {
      "edge_device": "cpu",
      "cloud_device": "cuda",
      "max_cpu_cores": 2,
      "max_memory_gb": 16.0,
      "edge_model_dtype": "float32",
      "cloud_model_dtype": "float32"
    }
  },
  "metrics": {
    "corpus_bleu_en": 0.0021902862180023267,
    "avg_bleu_1_sentence": 0.19829300098956124,
    "avg_bleu_4_sentence": 0.10576698986151194,
    "avg_meteor_sentence": 0.08188908766334407,
    "avg_rouge_l_sentence": 0.09767109067336247,
    "avg_cider": 0.7899539496724877,
    "avg_bertscore_precision": 0.8130785346031189,
    "avg_bertscore_recall": 0.8309449195861817,
    "avg_bertscore_f1": 0.8214622616767884,
    "latency_metrics": {
      "ttft_mean": 7.292167615890503,
      "ttft_min": 5.924322843551636,
      "ttft_max": 8.352139234542847,
      "itps_mean": 1854.5914041547417,
      "itps_min": 957.8709431855667,
      "itps_max": 2301.4613373224734,
      "otps_mean": 1.8694342874827032,
      "otps_min": 1.0306019183287196,
      "otps_max": 2.165600689615519,
      "oet_mean": 38.93478541374206,
      "oet_min": 30.856310844421387,
      "oet_max": 55.3074848651886,
      "total_time_mean": 39.041066551208495,
      "total_time_min": 30.934431076049805,
      "total_time_max": 55.39242172241211,
      "cpu_percent_mean": 193.82611629833698,
      "cpu_percent_min": 191.31500000000008,
      "cpu_percent_max": 195.93831168831213,
      "ram_gb_mean": 24.409366505849583,
      "ram_gb_min": 24.105232391357422,
      "ram_gb_max": 24.56571949424082,
      "gpu_util_mean": 96.2,
      "gpu_util_min": 92.0,
      "gpu_util_max": 100.0,
      "gpu_memory_gb_mean": 42.684033203125,
      "gpu_memory_gb_min": 42.438720703125,
      "gpu_memory_gb_max": 42.745361328125,
      "avg_input_tokens": 178.2,
      "avg_output_tokens": 69.4,
      "total_input_tokens": 891,
      "total_output_tokens": 347
    },
    "speculative_decoding_metrics": {
      "total_time_mean": 39.041066551208495,
      "avg_cloud_calls": 9.4,
      "avg_acceptance_rate": 0.8784810126582279,
      "avg_correction_rate": 0.2553191489361702,
      "avg_cloud_call_rate": 9.4,
      "total_samples": 5
    }
  },
  "detailed_results": [
    {
      "file_id": "sample_00000000",
      "dataset": "mer2024",
      "reference_caption": "In the audio, the character's tone is initially raised, expressing dissatisfaction and impatience. This may indicate that he is discussing a serious issue and already feeling a bit frustrated. This change suggests that the speaker has lightened the tense topic through jokes and banter. In the audio, the character's tone is initially raised, expressing dissatisfaction and impatience. Later, while laughing, the character speaks, conveying happiness with a hint of teasing. I, I, I don't have any experience in this area.\" This sentence could be the male doctor's response or explanation to a certain question. Audio, from dissatisfaction and impatience to happiness with a hint of teasing, we can infer that this sentence may have a humorous or self-deprecating tone. The male doctor lightens the tense topic through jokes and banter, displaying a relaxed and happy mood.",
      "generated_text": "The person seems quite uncertain. Their tone is somewhat hesitant when they say \"我哪知道啊\"，which translates roughly as 'I don't know'. This suggests that there's some doubt or uncertainty in their mind. They also mention not having experience, which further indicates a lack of confidence. Overall I'd predict the individual to be feeling doubtful. What do you think? Do you have any other thoughts on this?",
      "bleu_1_score": 0.3031285193640313,
      "bleu_4_score": 0.17207183541056212,
      "meteor_score": 0.11046133853151395,
      "rouge_l_score": 0.12440191387559807,
      "cider_score": 0.9745493059569014,
      "caption_type": "audio_only",
      "language": "english",
      "prompt_type": "detailed",
      "latency_metrics": {
        "ttft": 7.834184169769287,
        "itps": 957.8709431855667,
        "otps": 2.1150738543558885,
        "oet": 40.187721967697144,
        "total_time": 40.376012325286865,
        "input_tokens": 180,
        "output_tokens": 85,
        "cpu_percent": 191.31500000000008,
        "cpu_avg": 191.31500000000008,
        "cpu_max": 209.7,
        "ram_gb": 24.105232391357422,
        "memory_avg_gb": 24.105232391357422,
        "memory_max_gb": 24.16015625,
        "gpu_util": 92,
        "gpu_memory_gb": 42.438720703125,
        "cloud_calls": 8,
        "total_draft_tokens": 85,
        "total_accepted_tokens": 85,
        "total_corrections": 0,
        "acceptance_rate": 1.0,
        "correction_rate": 0.0,
        "prefill_time": 4.726438760757446,
        "cloud_call_rate": 0.4444444444444444
      },
      "speculative_decoding_metrics": {
        "total_time": 40.376012325286865,
        "output_tokens": 85,
        "cloud_calls": 8,
        "total_draft_tokens": 85,
        "total_accepted_tokens": 85,
        "total_corrections": 0,
        "acceptance_rate": 1.0,
        "correction_rate": 0.0,
        "cloud_call_rate": 0.4444444444444444
      },
      "speculative_decoding_config": {
        "entropy_threshold": 3.5,
        "k": 5
      },
      "hardware_config": {
        "edge_device": "cpu",
        "cloud_device": "cuda",
        "max_cpu_cores": 2,
        "max_memory_gb": 16.0,
        "edge_model_dtype": "float32",
        "cloud_model_dtype": "float32"
      },
      "bertscore_precision": 0.8328840732574463,
      "bertscore_recall": 0.8409934639930725,
      "bertscore_f1": 0.8369191288948059
    },
    {
      "file_id": "sample_00000007",
      "dataset": "mer2024",
      "reference_caption": "In the audio, the character's voice is loud, with a calm tone and a hint of laughter, indicating that the character is in a pleasant mood. In the audio, the character's voice is loud, with a calm tone and a hint of laughter, indicating that the character is in a pleasant mood. Audio, we can infer that this sentence is a positive response from the lady to the other person, indicating her willingness to meet. Therefore, this sentence expresses the lady's happiness and anticipation.",
      "generated_text": "The person seems quite happy. The tone is cheerful, like they're looking forward to something. There's an upbeat quality to their speech, which usually indicates positive feelings. So I'd say this person is in a good mood. What do you think? Do you have any other audio samples for me to analyze?",
      "bleu_1_score": 0.4976424280747329,
      "bleu_4_score": 0.24721809522369612,
      "meteor_score": 0.12980269989615784,
      "rouge_l_score": 0.16901408450704222,
      "cider_score": 0.9636679771055666,
      "caption_type": "audio_only",
      "language": "english",
      "prompt_type": "detailed",
      "latency_metrics": {
        "ttft": 8.352139234542847,
        "itps": 2216.457277383323,
        "otps": 1.9293566942497993,
        "oet": 33.68998599052429,
        "total_time": 33.78542399406433,
        "input_tokens": 211,
        "output_tokens": 65,
        "cpu_percent": 194.70773809523857,
        "cpu_avg": 194.70773809523857,
        "cpu_max": 209.7,
        "ram_gb": 24.405536469959078,
        "memory_avg_gb": 24.405536469959078,
        "memory_max_gb": 24.526554107666016,
        "gpu_util": 95,
        "gpu_memory_gb": 42.745361328125,
        "cloud_calls": 7,
        "total_draft_tokens": 65,
        "total_accepted_tokens": 65,
        "total_corrections": 0,
        "acceptance_rate": 1.0,
        "correction_rate": 0.0,
        "prefill_time": 6.0645434856414795,