{
  "experiment_config": {
    "dataset_type": "unified",
    "dataset_path": "data/processed/mer2024/manifest_audio_text_augmented_v5.json",
    "caption_type": "audio_only",
    "language": "english",
    "prompt_type": "detailed",
    "max_samples": 5,
    "total_samples": 5,
    "speculative_decoding_config": {
      "entropy_threshold": 3.5,
      "k": 5
    },
    "hardware_config": {
      "edge_device": "cpu",
      "cloud_device": "cuda",
      "max_cpu_cores": 2,
      "max_memory_gb": 16.0,
      "edge_model_dtype": "float32",
      "cloud_model_dtype": "float16"
    }
  },
  "metrics": {
    "corpus_bleu_en": 0.006267903819530223,
    "avg_bleu_sentence": 0.09936464365457845,
    "avg_cider": 0.9801723893794907,
    "avg_bertscore_precision": 0.2549287348985672,
    "avg_bertscore_recall": 0.05805614367127419,
    "avg_bertscore_f1": 0.15562054067850112,
    "latency_metrics": {
      "ttft_mean": 9.641262245178222,
      "ttft_min": 7.9044249057769775,
      "ttft_max": 11.588162183761597,
      "itps_mean": 2731.069164241928,
      "itps_min": 1288.7206138294491,
      "itps_max": 3613.5403171526264,
      "otps_mean": 1.665501115023925,
      "otps_min": 1.2926988075449926,
      "otps_max": 2.111476694265749,
      "oet_mean": 37.10120749473572,
      "oet_min": 31.3882315158844,
      "oet_max": 42.99754881858826,
      "total_time_mean": 37.220734930038454,
      "total_time_min": 31.482322216033936,
      "total_time_max": 43.22216868400574,
      "cpu_percent_mean": 195.71094228616272,
      "cpu_percent_min": 188.02792452830175,
      "cpu_percent_max": 197.8451776649746,
      "ram_gb_mean": 21.203146402275372,
      "ram_gb_min": 20.964374326310068,
      "ram_gb_max": 21.296232917092063,
      "gpu_util_mean": 23.2,
      "gpu_util_min": 23.0,
      "gpu_util_max": 24.0,
      "gpu_memory_gb_mean": 23.178173828125,
      "gpu_memory_gb_min": 22.925048828125,
      "gpu_memory_gb_max": 23.241455078125,
      "avg_input_tokens": 287.2,
      "avg_output_tokens": 60.8,
      "total_input_tokens": 1436,
      "total_output_tokens": 304
    },
    "speculative_decoding_metrics": {
      "total_time_mean": 37.220734930038454,
      "avg_cloud_calls": 8.6,
      "avg_acceptance_rate": 0.8941176470588236,
      "avg_correction_rate": 0.3023255813953488,
      "avg_cloud_call_rate": 8.6,
      "total_samples": 5
    }
  },
  "detailed_results": [
    {
      "file_id": "sample_00000000",
      "dataset": "mer2024",
      "reference_caption": "In the audio, the character's tone is initially raised, expressing dissatisfaction and impatience. This may indicate that he is discussing a serious issue and already feeling a bit frustrated. This change suggests that the speaker has lightened the tense topic through jokes and banter. In the audio, the character's tone is initially raised, expressing dissatisfaction and impatience. Later, while laughing, the character speaks, conveying happiness with a hint of teasing. I, I, I don't have any experience in this area.\" This sentence could be the male doctor's response or explanation to a certain question. Audio, from dissatisfaction and impatience to happiness with a hint of teasing, we can infer that this sentence may have a humorous or self-deprecating tone. The male doctor lightens the tense topic through jokes and banter, displaying a relaxed and happy mood.",
      "generated_text": "The speaker has a low, slow pace and a somewhat subdued volume. The tone is somewhat uncertain and hesitant, suggesting that the individual is experiencing a sense of uncertainty or lack of confidence. Based on the acoustic, the speaker s voice, the individual seems to be feeling somewhat uncertain.",
      "bleu_score": 0.09210675470053406,
      "cider_score": 0.9848412740889211,
      "caption_type": "audio_only",
      "language": "english",
      "prompt_type": "detailed",
      "latency_metrics": {
        "ttft": 11.588162183761597,
        "itps": 1288.7206138294491,
        "otps": 1.3721712428056767,
        "oet": 42.99754881858826,
        "total_time": 43.22216868400574,
        "input_tokens": 289,
        "output_tokens": 59,
        "cpu_percent": 188.02792452830175,
        "cpu_avg": 188.02792452830175,
        "cpu_max": 209.7,
        "ram_gb": 20.964374326310068,
        "memory_avg_gb": 20.964374326310068,
        "memory_max_gb": 21.16971206665039,
        "gpu_util": 23,
        "gpu_memory_gb": 22.925048828125,
        "cloud_calls": 11,
        "total_draft_tokens": 75,
        "total_accepted_tokens": 59,
        "total_corrections": 5,
        "acceptance_rate": 0.7866666666666666,
        "correction_rate": 0.45454545454545453,
        "prefill_time": 7.126850843429565,
        "cloud_call_rate": 0.6875
      },
      "speculative_decoding_metrics": {
        "total_time": 43.22216868400574,
        "output_tokens": 59,
        "cloud_calls": 11,
        "total_draft_tokens": 75,
        "total_accepted_tokens": 59,
        "total_corrections": 5,
        "acceptance_rate": 0.7866666666666666,
        "correction_rate": 0.45454545454545453,
        "cloud_call_rate": 0.6875
      },
      "speculative_decoding_config": {
        "entropy_threshold": 3.5,
        "k": 5
      },
      "hardware_config": {
        "edge_device": "cpu",
        "cloud_device": "cuda",
        "max_cpu_cores": 2,
        "max_memory_gb": 16.0,
        "edge_model_dtype": "float32",
        "cloud_model_dtype": "float16"
      },
      "bertscore_precision": 0.22556275129318237,
      "bertscore_recall": 0.03141709044575691,
      "bertscore_f1": 0.12804311513900757
    },
    {
      "file_id": "sample_00000007",
      "dataset": "mer2024",
      "reference_caption": "In the audio, the character's voice is loud, with a calm tone and a hint of laughter, indicating that the character is in a pleasant mood. In the audio, the character's voice is loud, with a calm tone and a hint of laughter, indicating that the character is in a pleasant mood. Audio, we can infer that this sentence is a positive response from the lady to the other person, indicating her willingness to meet. Therefore, this sentence expresses the lady's happiness and anticipation.",
      "generated_text": "The speaker has a soft, steady tone with a gentle pace, indicating a calm and composed emotional state. The volume is moderate, suggesting a level of confidence and ease. Based on the acoustic cues, it seems the individual is in a state of tranquility and contentment.",
      "bleu_score": 0.22377546337047205,
      "cider_score": 0.9771600238229768,
      "caption_type": "audio_only",
      "language": "english",
      "prompt_type": "detailed",
      "latency_metrics": {
        "ttft": 10.220256805419922,
        "itps": 3613.5403171526264,
        "otps": 1.639614372522634,
        "oet": 35.37417149543762,
        "total_time": 35.462953090667725,
        "input_tokens": 320,
        "output_tokens": 58,
        "cpu_percent": 197.31477272727304,
        "cpu_avg": 197.31477272727304,
        "cpu_max": 209.7,
        "ram_gb": 21.25611183860085,
        "memory_avg_gb": 21.25611183860085,
        "memory_max_gb": 21.433849334716797,
        "gpu_util": 24,
        "gpu_memory_gb": 23.241455078125,
        "cloud_calls": 8,
        "total_draft_tokens": 60,
        "total_accepted_tokens": 58,
        "total_corrections": 2,
        "acceptance_rate": 0.9666666666666667,
        "correction_rate": 0.25,
        "prefill_time": 8.020740985870361,
        "cloud_call_rate": 0.6153846153846154
      },
      "speculative_decoding_metrics": {
        "total_time": 35.462953090667725,
        "output_tokens": 58,
        "cloud_calls": 8,
        "total_draft_tokens": 60,
        "total_accepted_tokens": 58,
        "total_corrections": 2,
        "acceptance_rate": 0.9666666666666667,
        "correction_rate": 0.25,
        "cloud_call_rate": 0.6153846153846154
      },