{
  "experiment_config": {
    "dataset_type": "unified",
    "dataset_path": "data/processed/mer2024/manifest_audio_only_final.json",
    "caption_type": "audio_only",
    "language": "chinese",
    "prompt_type": "detailed",
    "max_samples": 2,
    "total_samples": 2,
    "speculative_decoding_config": {
      "entropy_threshold": 4.0,
      "k": 5
    },
    "hardware_config": {
      "edge_device": "cpu",
      "cloud_device": "cuda",
      "max_cpu_cores": 2,
      "max_memory_gb": 16.0,
      "edge_model_dtype": "float32",
      "cloud_model_dtype": "float16"
    }
  },
  "metrics": {
    "corpus_bleu_zh": 0.019180187417926427,
    "avg_bleu_sentence": 0.017164203110041146,
    "avg_cider": 0.42216583733399987,
    "avg_bertscore_precision": 0.209376759827137,
    "avg_bertscore_recall": 0.08606371656060219,
    "avg_bertscore_f1": 0.1454387754201889,
    "latency_metrics": {
      "ttft_mean": 10.73171603679657,
      "ttft_min": 10.5791757106781,
      "ttft_max": 10.884256362915039,
      "itps_mean": 5638.327539504717,
      "itps_min": 4885.185625883219,
      "itps_max": 6391.469453126215,
      "otps_mean": 0.5123017487614852,
      "otps_min": 0.5109997567284744,
      "otps_max": 0.5136037407944959,
      "oet_mean": 109.35097062587738,
      "oet_min": 93.45726323127747,
      "oet_max": 125.2446780204773,
      "total_time_mean": 109.41893541812897,
      "total_time_min": 93.51894211769104,
      "total_time_max": 125.3189287185669,
      "cpu_percent_mean": 196.82754897105602,
      "cpu_percent_min": 196.61217948717785,
      "cpu_percent_max": 197.04291845493418,
      "ram_gb_mean": 24.905219090421745,
      "ram_gb_min": 24.809185945070706,
      "ram_gb_max": 25.001252235772785,
      "gpu_util_mean": 27.0,
      "gpu_util_min": 27.0,
      "gpu_util_max": 27.0,
      "gpu_memory_gb_mean": 23.571533203125,
      "gpu_memory_gb_min": 23.444580078125,
      "gpu_memory_gb_max": 23.698486328125,
      "avg_input_tokens": 376.5,
      "avg_output_tokens": 56.0,
      "total_input_tokens": 753,
      "total_output_tokens": 112
    },
    "speculative_decoding_metrics": {
      "total_time_mean": 109.41893541812897,
      "avg_cloud_calls": 40.0,
      "avg_acceptance_rate": 0.2793017456359102,
      "avg_correction_rate": 0.9875,
      "avg_cloud_call_rate": 40.0,
      "total_samples": 2
    }
  },
  "detailed_results": [
    {
      "file_id": "sample_00000000",
      "dataset": "mer2024",
      "reference_caption": "在音频中，角色在一开始时音调上挑，表达出不满与不耐。之后边笑边说，表达出高兴中带着一份调侃。；这句话可能是男性医生对某个问题的回答或者解释。根据音频线索中角色的语调变化，从不满与不耐到高兴中带着一份调侃，我们可以推断这句话可能带有一种幽默或者自嘲的语气。男性医生通过开玩笑和调侃的方式缓解了紧张的话题，表现出一种轻松和愉快的情绪。",
      "generated_text": "我哪知道，我也没有这方面的经验啊？说话人语速缓慢，停顿较多，音量较轻，音色紧张，大概是因为他从未涉足，所以显得有些不知，似乎在犹豫，可能是对未知事物的恐惧吧，大概就是这种感觉。可能他只是在寻找答案",
      "bleu_score": 0.0108487363477089,
      "cider_score": 0.4258944733326347,
      "caption_type": "audio_only",
      "language": "chinese",
      "prompt_type": "detailed",
      "latency_metrics": {
        "ttft": 10.5791757106781,
        "itps": 4885.185625883219,
        "otps": 0.5109997567284744,
        "oet": 125.2446780204773,
        "total_time": 125.3189287185669,
        "input_tokens": 361,
        "output_tokens": 64,
        "cpu_percent": 196.61217948717785,
        "cpu_avg": 196.61217948717785,
        "cpu_max": 209.7,
        "ram_gb": 24.809185945070706,
        "memory_avg_gb": 24.809185945070706,
        "memory_max_gb": 24.873172760009766,
        "gpu_util": 27,
        "gpu_memory_gb": 23.444580078125,
        "cloud_calls": 46,
        "total_draft_tokens": 230,
        "total_accepted_tokens": 64,
        "total_corrections": 46,
        "acceptance_rate": 0.2782608695652174,
        "correction_rate": 1.0,
        "prefill_time": 8.054014205932617,
        "cloud_call_rate": 0.9787234042553191
      },
      "speculative_decoding_metrics": {
        "total_time": 125.3189287185669,
        "output_tokens": 64,
        "cloud_calls": 46,
        "total_draft_tokens": 230,
        "total_accepted_tokens": 64,
        "total_corrections": 46,
        "acceptance_rate": 0.2782608695652174,
        "correction_rate": 1.0,
        "cloud_call_rate": 0.9787234042553191
      },
      "speculative_decoding_config": {
        "entropy_threshold": 4.0,
        "k": 5
      },
      "hardware_config": {
        "edge_device": "cpu",
        "cloud_device": "cuda",
        "max_cpu_cores": 2,
        "max_memory_gb": 16.0,
        "edge_model_dtype": "float32",
        "cloud_model_dtype": "float16"
      },
      "bertscore_precision": 0.14710773527622223,
      "bertscore_recall": 0.07221801578998566,
      "bertscore_f1": 0.10952742397785187
    },
    {
      "file_id": "sample_00000007",
      "dataset": "mer2024",
      "reference_caption": "在音频中，角色声音洪亮，语气语调较为平稳，语音中带着一丝笑意，表明角色的情绪较为愉悦。；这句话可能是女士在电话中与对方约定见面的一种表达。根据音频线索中角色愉悦的语气和笑意，我们可以推断这句话是女士对对方的积极回应，并表示她愿意与对方见面。女士的笑容和点头动作也进一步支持了这一推断。因此，这句话表达了女士的高兴和期待情绪。",
      "generated_text": "说话特别有点忙比较紧张，声音有点大，语速较快，停顿较少，音色比较清晰，大概是在和朋友约定见面，可能有点期待，似乎有点小激动，大概是因为之前没怎么见面。",
      "bleu_score": 0.02347966987237339,
      "cider_score": 0.41843720133536505,
      "caption_type": "audio_only",
      "language": "chinese",
      "prompt_type": "detailed",
      "latency_metrics": {
        "ttft": 10.884256362915039,
        "itps": 6391.469453126215,
        "otps": 0.5136037407944959,
        "oet": 93.45726323127747,
        "total_time": 93.51894211769104,
        "input_tokens": 392,
        "output_tokens": 48,
        "cpu_percent": 197.04291845493418,
        "cpu_avg": 197.04291845493418,
        "cpu_max": 209.7,
        "ram_gb": 25.001252235772785,
        "memory_avg_gb": 25.001252235772785,
        "memory_max_gb": 25.224193572998047,
        "gpu_util": 27,
        "gpu_memory_gb": 23.698486328125,
        "cloud_calls": 34,
        "total_draft_tokens": 171,
        "total_accepted_tokens": 48,
        "total_corrections": 33,
        "acceptance_rate": 0.2807017543859649,
        "correction_rate": 0.9705882352941176,
        "prefill_time": 8.89703631401062,
        "cloud_call_rate": 0.9714285714285714
      },
      "speculative_decoding_metrics": {
        "total_time": 93.51894211769104,
        "output_tokens": 48,
        "cloud_calls": 34,
        "total_draft_tokens": 171,
        "total_accepted_tokens": 48,
        "total_corrections": 33,
        "acceptance_rate": 0.2807017543859649,
        "correction_rate": 0.9705882352941176,
        "cloud_call_rate": 0.9714285714285714
      },
      "speculative_decoding_config": {
        "entropy_threshold": 4.0,
        "k": 5
      },
      "hardware_config": {
        "edge_device": "cpu",
        "cloud_device": "cuda",
        "max_cpu_cores": 2,
        "max_memory_gb": 16.0,
        "edge_model_dtype": "float32",
        "cloud_model_dtype": "float16"
      },
      "bertscore_precision": 0.27164578437805176,
      "bertscore_recall": 0.09990941733121872,
      "bertscore_f1": 0.18135012686252594
    }
  ]
}